Period,OOS,Realized,ARX,RW,HM
1987-07-31,False,0.4716981132075526,0.5052596990745339,0.2350176263219872,6.380329589655977
1987-08-31,False,0.5910165484633634,0.6308057517289134,0.4716981132075526,6.350637974196437
1987-09-30,False,0.4711425206124886,0.39238893355211246,0.5910165484633634,6.321839867067772
1987-10-31,False,0.4700352526439744,0.284601701013254,0.4711425206124664,6.292731920070482
1987-11-30,False,0.588235294117645,0.6962402915432708,0.4700352526439522,6.263906689043618
1987-12-31,False,0.588235294117645,0.6540069880963895,0.588235294117645,6.235947716654819
1988-01-31,False,0.7100591715976323,0.8464613235037222,0.588235294117645,6.208262851838461
1988-02-29,False,0.47281323877068626,0.5724938655939704,0.7100591715976323,6.181442346081189
1988-03-31,False,0.47225501770957745,0.44321405366292144,0.47281323877068626,6.153730554298128
1988-04-30,False,0.23474178403757318,0.21455410230595273,0.47225501770955525,6.126283812575478
1988-05-31,False,0.46948356807507974,0.48976391253017226,0.23474178403755097,6.097959091284431
1988-06-30,False,0.3516998827667095,0.3682582207000129,0.46948356807510194,6.0710285863886915
1988-07-31,False,0.23474178403755097,0.36786050676442805,0.3516998827667095,6.043793687800016
1988-08-31,False,0.2350176263219872,0.26027924060985086,0.23474178403755097,6.0162626361234155
1988-09-30,False,0.4689331770222793,0.39122595666971627,0.2350176263219872,5.988992612492278
1988-10-31,False,0.46783625730992817,0.3410399686948118,0.4689331770222793,5.963076840494766
1988-11-30,False,0.5847953216374435,0.7721966757069154,0.4678362573099504,5.937398146180818
1988-12-31,False,0.7017543859648923,0.6990505370302325,0.5847953216374213,5.912502319089919
1989-01-31,False,0.7050528789659394,0.9299594931209576,0.7017543859649145,5.888378486066192
1989-02-28,False,0.8235294117647118,0.91252233676542,0.7050528789659394,5.864492192945915
1989-03-31,False,1.057579318448898,1.1104057172258264,0.8235294117647118,5.841368510463432
1989-04-30,False,2.459016393442637,2.18535009101013,1.057579318448898,5.819524724198525
1989-05-31,False,2.686915887850483,2.85316050691391,2.4590163934426146,5.8042496863314526
1989-06-30,False,2.8037383177570208,2.610339299264175,2.686915887850483,5.790144103532897
1989-07-31,False,2.9274004683840893,3.0023021405001016,2.8037383177570208,5.77669182521859
1989-08-31,False,2.9308323563892236,2.8854649388473153,2.927400468384067,5.763914733932337
1989-09-30,False,2.9171528588098017,3.0736719907503263,2.9308323563892236,5.751267044746877
1989-10-31,False,2.9103608847496965,2.8260562423926716,2.9171528588098017,5.7386709816982675
1989-11-30,False,2.9069767441860517,3.0316552157644505,2.9103608847497187,5.726156335251592
1989-12-31,False,2.9036004645760505,2.7842777826435183,2.9069767441860517,5.713737041898881
1990-01-31,False,3.267211201866971,3.4276097949446083,2.9036004645760727,5.701411881472026
1990-02-28,False,3.1505250875145885,3.0660864570765556,3.267211201866971,5.690782184181175
1990-03-31,False,3.2558139534883734,3.1788490871136332,3.1505250875145885,5.679737588108711
1990-04-30,False,2.1714285714285797,2.2205717352230314,3.2558139534883734,5.669244412201263
1990-05-31,False,2.1615472127417323,2.1325772853550307,2.1714285714285797,5.65416761978414
1990-06-30,False,2.0454545454545503,2.0342540387474184,2.1615472127417323,5.639177832629453
1990-07-31,False,2.1615472127417323,2.2431332356568356,2.0454545454545503,5.623820040803918
1990-08-31,False,2.277904328018221,2.2041283203650064,2.1615472127417323,5.609086964939824
1990-09-30,False,2.494331065759625,2.468523533855338,2.277904328018221,5.594971784274901
1990-10-31,False,2.941176470588225,2.6796290137352408,2.4943310657596474,5.58188891204488
1990-11-30,False,3.1638418079096065,3.190890719141759,2.941176470588225,5.570793481618591
1990-12-31,False,3.273137697516937,3.231612213106083,3.1638418079096065,5.560722554113532
1991-01-31,False,3.276836158192098,3.3788813754436653,3.273137697516937,5.55119095054438
1991-02-28,False,3.167420814479649,3.2012601592604994,3.276836158192098,5.54175379372964
1991-03-31,False,3.1531531531531654,3.059102554442461,3.1674208144796268,5.531942500426954
1991-04-30,False,3.0201342281879207,2.804450506714984,3.153153153153143,5.522153243853811
1991-05-31,False,3.0066815144766057,3.09113549315454,3.0201342281878985,5.5118990675600985
1991-06-30,False,3.118040089086871,3.2157111480295653,3.006681514476628,5.50167368979241
1991-07-31,False,3.1180400890868487,3.2909766189839873,3.1180400890868487,5.4919841223098675
1991-08-31,False,3.0066815144766057,3.0321479545478702,3.1180400890868487,5.48237301286362
1991-09-30,False,2.7654867256637017,2.7915909898696967,3.006681514476628,5.472390385853996
1991-10-31,False,2.417582417582431,2.223772066961649,2.765486725663724,5.461519286817087
1991-11-30,False,2.300109529025174,2.205957478983467,2.417582417582431,5.4493435393401475
1991-12-31,False,2.2950819672131084,2.2463713152350184,2.300109529025196,5.436796790295069
1992-01-31,False,2.0787746170678245,2.2837808939301762,2.2950819672131084,5.424329667981251
1992-02-29,False,2.3026315789473673,2.2852121562961347,2.0787746170678245,5.411106130230606
1992-03-31,False,2.183406113537112,2.32492945071463,2.3026315789473673,5.3988680414460255
1992-04-30,False,2.6058631921824116,2.344014326797561,2.183406113537112,5.386258386826775
1992-05-31,False,2.4864864864864833,2.4355187062500283,2.6058631921824116,5.375397468097695
1992-06-30,False,2.4838012958963374,2.5600522952706983,2.4864864864864833,5.364156569336562
1992-07-31,False,2.159827213822907,2.277012187617511,2.4838012958963374,5.35299240161005
1992-08-31,False,2.1621621621621623,2.3370218068890614,2.1598272138228847,5.3406635784911805
1992-09-30,False,2.2604951560817987,2.1501838543893648,2.1621621621621623,5.328438573043762
1992-10-31,False,2.145922746781137,1.9934381070213725,2.2604951560817987,5.3166840005649805
1992-11-30,False,2.1413276231263323,1.9529139848339927,2.145922746781115,5.304581858374965
1992-12-31,False,1.9230769230769384,1.935720223924564,2.1413276231263323,5.292554275731434
1993-01-31,False,1.7148981779206762,1.789063387837464,1.9230769230769384,5.279791103941076
1993-02-28,False,1.7148981779206984,1.685257273855112,1.7148981779206984,5.26633867780515
1993-03-31,False,1.7094017094017255,1.8329328057484329,1.7148981779206984,5.252987397730396
1993-04-30,False,1.3756613756613856,1.2234361795582238,1.7094017094017255,5.239715541219802
1993-05-31,False,1.2658227848101333,1.451931003016349,1.3756613756613634,5.225297428661748
1993-06-30,False,1.264488935721797,1.1450572150143001,1.2658227848101333,5.210578192067505
1993-07-31,False,1.268498942917562,1.4784443339160847,1.264488935721797,5.195963046673631
1993-08-31,False,1.2698412698412653,1.1622503123523975,1.2684989429175397,5.181470559205897
1993-09-30,False,1.1578947368421133,1.089235974162639,1.2698412698412653,5.167089569171468
1993-10-31,False,1.1554621848739455,1.1905601003276312,1.157894736842091,5.15240387381495
1993-11-30,False,0.943396226415083,0.8677756359531053,1.1554621848739455,5.137816495388159
1993-12-31,False,0.8385744234800763,0.9228589778658591,0.943396226415083,5.1225640580464376
1994-01-31,False,0.9483667017913477,0.9209609587011114,0.8385744234800763,5.107042356471922
1994-02-28,False,0.8429926238145313,0.8539491812101341,0.9483667017913477,5.092029086960441
1994-03-31,False,0.9453781512604786,0.8505044135756146,0.8429926238145313,5.076744783136173
1994-04-30,False,0.9394572025052117,0.7090620518328761,0.9453781512605008,5.061937017430527
1994-05-31,False,1.041666666666674,1.1674900943256628,0.9394572025052339,5.047213875234364
1994-06-30,False,0.8324661810614087,1.0598539548594355,1.041666666666674,5.032959258833768
1994-07-31,False,0.7306889352818313,0.7653818569959503,0.8324661810614087,5.018063893309752
1994-08-31,False,0.7314524555903867,0.7379895760217137,0.7306889352818313,5.002914158475732
1994-09-30,False,0.5202913631633832,0.46813951455946246,0.7314524555903867,4.987873800366981
1994-10-31,False,0.41536863966771254,0.5333495941857391,0.520291363163361,4.972198072517143
1994-11-30,False,0.41536863966771254,0.345236965897433,0.41536863966771254,4.956265102472215
1994-12-31,False,0.4158004158004047,0.35591864389168393,0.41536863966771254,4.9404431635774255
1995-01-31,False,0.5219206680584509,0.48022963189786605,0.4158004158004047,4.924732598480977
1995-02-28,False,0.4179728317659448,0.5349910376312383,0.5219206680584509,4.909497955123115
1995-03-31,False,0.20811654526535772,0.16936756912953044,0.4179728317659226,4.8940099374563655
1995-04-30,False,-0.10341261633920462,-0.23831349327024798,0.20811654526535772,4.87790721102272
1995-05-31,False,-0.3092783505154628,-0.2889975893188512,-0.10341261633920462,4.860847896545453
1995-06-30,False,-0.3095975232198289,-0.38398170148497,-0.3092783505154628,4.843202414473572
1995-07-31,False,-0.2072538860103501,-0.1772018355820637,-0.3095975232198289,4.825675884073255
1995-08-31,False,-0.20746887966806016,-0.11065273232123696,-0.2072538860103612,4.808615105191615
1995-09-30,False,0.10351966873707319,0.16806601987617853,-0.20746887966804906,4.791668875513036
1995-10-31,False,0.10341261633919352,-0.009734308796838231,0.10351966873707319,4.775883861348806
1995-11-30,False,0.0,0.13380682698820312,0.10341261633919352,4.76020442764072
1995-12-31,False,0.10351966873707319,0.006001130191601867,0.0,4.744284011494765
1996-01-31,False,-0.20768431983385627,0.1028323633823991,0.10351966873707319,4.728814797018906
1996-02-29,False,0.0,-0.04278162137800745,-0.20768431983385627,4.7124144677270365
1996-03-31,False,0.0,0.005049571649218265,0.0,4.696810446310722
1996-04-30,False,0.10351966873707319,-0.06305432734899918,0.0,4.681309421735439
1996-05-31,False,0.10341261633919352,0.10886423753930785,0.10351966873707319,4.666250902811102
1996-06-30,False,0.20703933747412417,0.12539867042866693,0.10341261633919352,4.651290777281686
1996-07-31,False,0.31152647975076775,0.3611755393113647,0.20703933747412417,4.636767079765975
1996-08-31,False,0.20790020790020236,0.21881246730892645,0.31152647975076775,4.622678348169835
1996-09-30,False,0.20682523267838704,-0.02258290873677904,0.20790020790020236,4.608344652909219
1996-10-31,False,0.20661157024794985,0.2959368854970945,0.20682523267838704,4.594100253490995
1996-11-30,False,0.4136504653567741,0.32608666451541257,0.20661157024792765,4.579947064190212
1996-12-31,False,0.31023784901758056,0.3310368326751467,0.4136504653567741,4.5665506121039305
1997-01-31,False,0.520291363163361,0.7746278132530371,0.31023784901758056,4.552908584017115
1997-02-28,False,0.41623309053069324,0.5126325772499829,0.520291363163361,4.5400248229281255
1997-03-31,False,0.5192107995846129,0.35386660042777685,0.41623309053069324,4.526891728238962
1997-04-30,False,1.9648397104446547,1.4560576371908995,0.5192107995846351,4.51416893164006
1997-05-31,False,2.066115702479343,2.2902517967293923,1.9648397104446547,4.506101434104631
1997-06-30,False,1.9628099173553792,1.9372042642251452,2.066115702479343,4.498404318231996
1997-07-31,False,2.0703933747411973,1.9181506658528802,1.9628099173553792,4.490430750933641
1997-08-31,False,2.178423236514515,2.3039255339084352,2.0703933747411973,4.482844426870342
1997-09-30,False,2.3735810113518996,2.351032158969435,2.178423236514515,4.475643110650481
1997-10-31,False,2.3711340206185483,2.366221914719846,2.3735810113518996,4.4690946305903605
1997-11-30,False,2.1627188465499714,2.2716344495997687,2.3711340206185483,4.46257922496933
1997-12-31,False,2.1649484536082397,2.1808870670019687,2.162718846549949,4.455458914200229
1998-01-31,False,2.0703933747411973,2.1252978575375447,2.1649484536082397,4.4483894374700075
1998-02-28,False,1.865284974093262,1.962481542568728,2.0703933747411973,4.441072526507765
1998-03-31,False,1.8595041322314154,1.686416834925497,1.865284974093262,4.4331713376966775
1998-04-30,False,0.20283975659229903,0.3439596076093343,1.8595041322313932,4.425300795783939
1998-05-31,False,0.0,0.11446103131087515,0.20283975659229903,4.412427438957136
1998-06-30,False,0.0,0.039060010020097735,0.0,4.399015805404074
1998-07-31,False,-0.10141987829614951,-0.2793564864914111,0.0,4.385685454478607
1998-08-31,False,-0.10152284263958977,0.03172148314467549,-0.10141987829613841,4.372129245014031
1998-09-30,False,-0.504032258064524,-0.4801186905493249,-0.10152284263958977,4.358654389328327
1998-10-31,False,-0.40281973816714833,-0.44690741263558875,-0.5040322580645129,4.344051726723545
1998-11-30,False,-0.3024193548387122,-0.39229251648911223,-0.40281973816715944,4.329839536708902
1998-12-31,False,-0.3027245206861706,-0.2193778356105569,-0.3024193548387122,4.31601189822667
1999-01-31,False,-0.10141987829613841,-0.2511623723005396,-0.3027245206861706,4.302265658884667
1999-02-28,False,-0.10172939979653517,0.04940809314890604,-0.10141987829613841,4.2891983427506
1999-03-31,False,-0.10141987829614951,-0.32962991086087357,-0.10172939979653517,4.2762074322696915
1999-04-30,False,-0.10121457489876695,0.07710699246836761,-0.10141987829613841,4.263294077371267
1999-05-31,False,0.0,0.04130120345569033,-0.10121457489877805,4.2504572872175315
1999-06-30,False,0.0,0.08932102785363938,0.0,4.2379926030907935
1999-07-31,False,2.220446049250313e-14,-0.11156765393641743,0.0,4.225600811853686
1999-08-31,False,0.0,0.10641794170132002,0.0,4.213281275959069
1999-09-30,False,-1.1102230246251565e-14,0.12111722191414653,0.0,4.201033365273141
1999-10-31,False,-0.10111223458039165,-0.234321655898595,0.0,4.188856456968002
1999-11-30,False,-0.2022244691607722,-0.1964568475810724,-0.10111223458039165,4.17645770352422
1999-12-31,False,-0.10121457489877805,-0.16712898208490756,-0.2022244691607722,4.163839022911295
2000-01-31,False,-0.20304568527917954,-0.21446651390520932,-0.10121457489877805,4.151583121768163
2000-02-29,False,-0.10183299389002753,-0.04574471694366311,-0.20304568527919065,4.139105675329632
2000-03-31,False,-0.20304568527917954,-0.2082858412681743,-0.10183299389002753,4.12698870770329
2000-04-30,False,-0.20263424518742745,-0.2618557956989065,-0.20304568527919065,4.114652427381403
2000-05-31,False,-0.10121457489876695,-0.16563885849374405,-0.20263424518743856,4.1023874084252405
2000-06-30,False,-0.20263424518743856,-0.36194508888822696,-0.10121457489877805,4.090479187509309
2000-07-31,False,-0.20304568527919065,-0.09312541703802024,-0.20263424518743856,4.078351748433894
2000-08-31,False,0.0,0.02819954625581378,-0.20304568527919065,4.066291473972731
2000-09-30,False,-0.4052684903748771,-0.3015409288844362,0.0,4.0548693069110096
2000-10-31,False,-0.7085020242914908,-0.792910626897736,-0.4052684903748771,4.042375923725335
2000-11-30,False,-0.6079027355623157,-0.7672227260651421,-0.7085020242915019,4.029105314931992
2000-12-31,False,-0.6079027355623157,-0.5660250646182807,-0.6079027355623157,4.016188857966827
2001-01-31,False,-0.8138351983723258,-0.6797799184102504,-0.6079027355623157,4.003344159095912
2001-02-28,False,-0.8154943934760461,-0.9489906147116423,-0.8138351983723258,3.990000171956111
2001-03-31,False,-0.9155645981688609,-0.9353745477438835,-0.8154943934760461,3.976725325090276
2001-04-30,False,-0.8121827411167404,-0.7993879561480455,-0.9155645981688609,3.963247942381573
2001-05-31,False,-1.0131712259371817,-0.861713420773591,-0.8121827411167515,3.9501286273170177
2001-06-30,False,-0.9137055837563524,-0.9872510172681537,-1.0131712259371817,3.93653054552728
2001-07-31,False,-0.9155645981688609,-0.8018471609778866,-0.9137055837563524,3.9232785342450844
2001-08-31,False,-0.9146341463414753,-0.9482160873827694,-0.9155645981688609,3.910093675573657
2001-09-30,False,-0.8138351983723258,-0.8761584831284419,-0.9146341463414642,3.89698300214454
2001-10-31,False,-0.7135575942915251,-0.7225873782077841,-0.8138351983723258,3.8842165571566896
2001-11-30,False,-0.815494393476035,-0.8968232880082971,-0.7135575942915251,3.8717901405311537
2001-12-31,False,-0.917431192660545,-0.8158620179026688,-0.8154943934760461,3.8591559504125357
2002-01-31,False,-0.8205128205128198,-0.8733530857578664,-0.917431192660545,3.846315662393522
2002-02-28,False,-0.8221993833504526,-0.7203456661899699,-0.8205128205128198,3.833804057881709
2002-03-31,False,-0.7186858316221789,-0.6393511339966129,-0.8221993833504637,3.8213548508195907
2002-04-30,False,-0.92118730808598,-1.022600960607889,-0.7186858316221789,3.8092480756664124
2002-05-31,False,-0.8188331627430712,-0.8117662136777004,-0.92118730808598,3.7966671304968584
2002-06-30,False,-0.8196721311475419,-0.8348126342760054,-0.8188331627430934,3.784424424148742
2002-07-31,False,-0.8213552361396426,-0.7076464057007459,-0.8196721311475419,3.7722442745315554
2002-08-31,False,-0.9230769230769265,-0.7484900988003917,-0.8213552361396426,3.7601239591999693
2002-09-30,False,-0.9230769230769265,-0.9851396314311756,-0.9230769230769265,3.7477997463518724
2002-10-31,False,-0.924024640657084,-0.7795485191339657,-0.9230769230769265,3.735540227534474
2002-11-30,False,-0.8221993833504637,-0.9300783558811365,-0.9240246406570951,3.7233424137433966
2002-12-31,False,-0.7201646090534974,-0.7052915489775491,-0.8221993833504637,3.711474158398504
2003-01-31,False,-0.8273009307135482,-0.6970894191031474,-0.7201646090534974,3.6999334324415973
2003-02-28,False,-0.7253886010362809,-0.8195373719555477,-0.8273009307135482,3.6881743821476887
2003-03-31,False,-0.6204756980351611,-0.6464248134163242,-0.7253886010362698,3.6767402811549834
2003-04-30,False,-0.4132231404958664,-0.531004276181446,-0.6204756980351722,3.6656363638960943
2003-05-31,False,-0.41279669762641635,-0.42664218710782853,-0.4132231404958553,3.655123839400239
2003-06-30,False,-0.4132231404958664,-0.36554038252522014,-0.41279669762642746,3.644666460127677
2003-07-31,False,-0.20703933747411307,-0.28417918002806575,-0.4132231404958553,3.6342616149978726
2003-08-31,False,-0.10351966873705098,0.06655953158001271,-0.20703933747411307,3.6244373158866914
2003-09-30,False,-0.10351966873705098,-0.1693646369852031,-0.10351966873705098,3.614927221538162
2003-10-31,False,0.10362694300518616,0.147689355872882,-0.10351966873705098,3.6054655246163416
2003-11-30,False,-0.10362694300517505,-0.06255499141893939,0.10362694300518616,3.596577609434587
2003-12-31,False,0.0,-0.016269380489353225,-0.10362694300517505,3.5872100029727143
2004-01-31,False,-0.10427528675703845,-0.06117773346646649,0.0,3.5781513918540964
2004-02-29,False,0.0,-0.1395931358946223,-0.10427528675704956,3.568875757902935
2004-03-31,False,-0.10405827263267886,0.09754520708744607,0.0,3.559908733385591
2004-04-30,False,-0.20746887966804906,-0.21195979225635542,-0.10405827263266776,3.5507258586837906
2004-05-31,False,-0.31088082901553626,-0.15286968243313215,-0.20746887966804906,3.541330371837911
2004-06-30,False,-0.10373443983402453,-0.28388640095637907,-0.31088082901553626,3.5317238601150844
2004-07-31,False,-0.20746887966806016,-0.20539856941326207,-0.10373443983403563,3.522680431508246
2004-08-31,False,-0.2072538860103612,-0.07717533281321742,-0.20746887966804906,3.513424477882498
2004-09-30,False,-1.1102230246251565e-14,-0.20820628005578934,-0.2072538860103612,3.5042148779718727
2004-10-31,False,-0.10351966873705098,-0.028675898263852417,0.0,3.4955624955571274
2004-11-30,False,-0.20746887966803795,-0.08288732271123367,-0.10351966873705098,3.4866977611623136
2004-12-31,False,-0.2072538860103612,-0.36244044707953726,-0.20746887966804906,3.477621184649217
2005-01-31,False,0.10438413361169019,-0.006115822903851598,-0.2072538860103612,3.468589628103483
2005-02-28,False,-0.20876826722339148,-0.05985820601915881,0.10438413361169019,3.4603641867966566
2005-03-31,False,-0.10416666666666075,-0.1332133202082142,-0.20876826722338038,3.4514150832502666
2005-04-30,False,0.0,-0.0541564650280546,-0.10416666666666075,3.442764032763851
2005-05-31,False,0.10395010395010118,0.19753236510982042,0.0,3.434407809383356
2005-06-30,False,-0.20768431983385627,-0.16318753775290684,0.10395010395010118,3.4263437471425973
2005-07-31,False,-0.20790020790021346,-0.2601382362300342,-0.20768431983385627,3.4175659015701907
2005-08-31,False,-0.20768431983385627,-0.11008851860334623,-0.20790020790021346,3.4088298386558042
2005-09-30,False,-0.2072538860103612,-0.27959704492688253,-0.20768431983385627,3.4001362950055882
2005-10-31,False,-0.10362694300516395,-0.1841999221628643,-0.2072538860103612,3.3914854792237756
2005-11-30,False,-0.10395010395012338,0.04493164441410347,-0.10362694300517505,3.3831239662519357
2005-12-31,False,-0.20768431983385627,-0.3250810984447683,-0.10395010395011228,3.374801593769354
2006-01-31,False,-0.10427528675706066,-0.20929130917546335,-0.20768431983385627,3.3662718654036317
2006-02-28,False,0.0,0.22053049738133268,-0.10427528675704956,3.358028285469758
2006-03-31,False,0.10427528675702735,0.02553958361779518,0.0,3.3500708724710146
2006-04-30,False,-0.10395010395011228,0.05579194485376693,0.10427528675702735,3.3423975968546698
2006-05-31,False,0.0,-0.005455491373007604,-0.10395010395011228,3.334269418315036
2006-06-30,False,0.20811654526535772,0.11140126365940528,0.0,3.326424078507236
2006-07-31,False,0.2083333333333437,0.16691403145181472,0.20811654526535772,3.3191041077719263
2006-08-31,False,0.3121748178980255,0.2818260330325284,0.2083333333333437,3.3118189303142245
2006-09-30,False,0.20768431983386737,0.21185994579631107,0.3121748178980255,3.304810416032878
2006-10-31,False,0.10373443983402453,0.185718508467958,0.20768431983384517,3.2975910078832302
2006-11-30,False,0.20811654526533552,0.31494531720772656,0.10373443983402453,3.290163434469162
2006-12-31,False,0.10405827263268996,0.13614845608513892,0.20811654526535772,3.2830125136125408
2007-01-31,False,-1.1102230246251565e-14,-0.024993499669978547,0.10405827263268996,3.2756538232399026
2007-02-28,False,-0.10460251046024993,0.017170275071731744,0.0,3.268088802862905
2007-03-31,False,-0.31250000000001554,-0.2582104115165018,-0.10460251046024993,3.2603176247216075
2007-04-30,False,-0.10405827263267886,-0.07624786869895317,-0.31249999999999334,3.252104250871673
2007-05-31,False,-0.10384215991691148,-0.08761450436810536,-0.10405827263266776,3.2444066304049195
2007-06-30,False,-0.10384215991692258,-0.2519325063654376,-0.10384215991692258,3.2367447338595605
2007-07-31,False,-0.10395010395011228,-0.160477480587351,-0.10384215991692258,3.2291178231431763
2007-08-31,False,-0.10373443983402453,-0.05202417375415047,-0.10395010395011228,3.2215254132864715
2007-09-30,False,-0.10362694300516395,-0.20406765854521502,-0.10373443983403563,3.2139680045293795
2007-10-31,False,0.10362694300518616,0.11463552390891252,-0.10362694300517505,3.206445113491886
2007-11-30,False,0.41536863966771254,0.3549404563784275,0.10362694300518616,3.1994251628799253
2007-12-31,False,0.8316008316008316,0.6016865749340461,0.41536863966771254,3.193140610908791
2008-01-31,False,0.8350730688935215,0.9387278210225558,0.8316008316008316,3.1878218276220616
2008-02-29,False,1.0471204188481797,0.9175520184574459,0.8350730688935215,3.182534751759751
2008-03-31,False,1.25391849529779,1.2915043590602915,1.0471204188481575,3.1777468272464957
2008-04-30,False,0.9375000000000133,1.248978535508516,1.2539184952978122,3.1734429607320696
2008-05-31,False,1.4553014553014387,1.1302873265016222,0.9375000000000133,3.1684520166232923
2008-06-30,False,1.8711018711018435,1.7232956405284217,1.4553014553014387,3.1646365365312614
2008-07-31,False,2.393340270551514,2.1213054318016233,1.8711018711018657,3.16176201505253
2008-08-31,False,2.3883696780893082,2.3565155281143557,2.393340270551514,3.1600581974372277
2008-09-30,False,2.2821576763485396,2.450853036537781,2.3883696780893082,3.158350921951945
2008-10-31,False,1.8633540372670954,2.0100163082319877,2.2821576763485396,3.156416720526772
2008-11-30,False,0.9307135470527195,1.2596488346062973,1.8633540372670954,3.153568564836773
2008-12-31,False,0.20618556701030855,0.32945861956716893,0.9307135470527417,3.148683169193291
2009-01-31,False,0.0,0.005558859387932991,0.20618556701030855,3.142230323574469
2009-02-28,False,2.220446049250313e-14,0.05333911687244175,0.0,3.1353545460611767
2009-03-31,False,-0.10319917440662074,-0.1711558110393252,0.0,3.1285087937772005
2009-04-30,False,-0.10319917440660964,-0.02907665465070597,-0.10319917440660964,3.1214680356765823
2009-05-31,False,-1.0245901639344357,-0.9663992318463266,-0.10319917440660964,3.1144578895677055
2009-06-30,False,-1.6326530612244872,-1.7511140267271519,-1.0245901639344246,3.1054794773041436
2009-07-31,False,-2.2357723577235755,-2.2799819729291793,-1.6326530612244872,3.0952237791688
2009-08-31,False,-2.4340770791074995,-2.4314339164824395,-2.2357723577235755,3.083709748635555
2009-09-30,False,-2.332657200811361,-2.424046069268182,-2.4340770791074995,3.071817966679213
2009-10-31,False,-2.2357723577235866,-2.220734200708474,-2.332657200811361,3.060195439437297
2009-11-30,False,-1.6393442622950838,-1.4872181264603324,-2.2357723577235755,3.0488307016751497
2009-12-31,False,-1.3374485596707841,-1.4312395311749881,-1.6393442622950727,3.0387917831227504
2010-01-31,False,-1.0351966873705987,-1.2094864622480217,-1.3374485596707841,3.0294408422193455
2010-02-28,False,-0.9326424870466421,-0.8808024469524556,-1.0351966873705987,3.0207742376786424
2010-03-31,False,-1.0330578512396826,-0.9474871833233922,-0.9326424870466421,3.0123627127324184
2010-04-30,False,-1.1363636363636354,-0.9606029471316391,-1.0330578512396715,3.003773709411883
2010-05-31,False,-0.9316770186335366,-1.0005646746200858,-1.1363636363636354,2.9950022319843925
2010-06-30,False,-0.9336099585062207,-0.9502129438502704,-0.9316770186335366,2.986700584520084
2010-07-31,False,-1.1434511434511574,-1.1792784220723607,-0.9336099585062319,2.9784298871719272
2010-08-31,False,-1.1434511434511574,-0.8981886408928386,-1.1434511434511574,2.969752242896931
2010-09-30,False,-1.2461059190031154,-1.2392116111049845,-1.1434511434511574,2.961111059312166
2010-10-31,False,-0.8316008316008205,-0.7512698688559416,-1.2461059190031154,2.95229089793205
2010-11-30,False,-0.8333333333333304,-0.7784263167146865,-0.8316008316008316,2.944374806447672
2010-12-31,False,-0.8342022940563187,-0.8909360177578485,-0.8333333333333304,2.9364881506234948
2011-01-31,False,-0.8368200836820106,-1.0559810067041098,-0.8342022940563187,2.928632545530412
2011-02-28,False,-0.8368200836820106,-0.8266805580744441,-0.8368200836820106,2.9208041616858953
2011-03-31,False,-0.62630480167013,-0.7291318071043884,-0.8368200836820106,2.9130082607618957
2011-04-30,False,-0.31347962382444194,-0.09514909905116165,-0.6263048016701411,2.905680490446301
2011-05-31,False,-0.2089864158829724,-0.28214655023063306,-0.31347962382445305,2.899029333185411
2011-06-30,False,-0.20942408376963817,-0.28343528843954857,-0.2089864158829724,2.8926210532904246
2011-07-31,False,0.1051524710830698,0.09242104365658754,-0.20942408376963817,2.886238244366433
2011-08-31,False,0.2103049421661396,0.1860761505123154,0.1051524710830698,2.8805275959613335
2011-09-30,False,0.2103049421661396,0.3263328779061103,0.2103049421661396,2.875055828228146
2011-10-31,False,-0.10482180293501786,-0.01967421009430037,0.2103049421661396,2.8696064399130914
2011-11-30,False,-0.21008403361344463,-0.14467239886003513,-0.10482180293501786,2.863536178192993
2011-12-31,False,-0.1051524710830698,-0.11511555862033784,-0.21008403361344463,2.8572762592280108
2012-01-31,False,0.0,-0.4137202841967613,-0.1051524710830698,2.8512550626216875
2012-02-29,False,0.10548523206752591,0.09718901857522777,0.0,2.84547158379284
2012-03-31,False,0.21008403361344463,0.028636502285506182,0.10548523206752591,2.8399250527164734
2012-04-30,False,0.20964360587001352,0.2492759212635587,0.21008403361344463,2.834612242576871
2012-05-31,False,-0.10471204188481353,-0.17195066332013065,0.20964360587001352,2.8293199670996394
2012-06-30,False,-0.20986358866738053,-0.04954149853559908,-0.10471204188481353,2.8234164821721053
2012-07-31,False,-0.31512605042016695,-0.22531053957919323,-0.20986358866736943,2.817325558335078
2012-08-31,False,-0.20986358866736943,-0.12669074950625303,-0.31512605042016695,2.8110481002013
2012-09-30,False,0.0,-0.060457239394395845,-0.20986358866736943,2.805006276823563
2012-10-31,False,0.0,0.11569687142831686,0.0,2.7994074618997633
2012-11-30,False,0.0,0.05486997502921476,0.0,2.793830953011517
2012-12-31,False,-0.21052631578947212,-0.18477856596792464,0.0,2.7882766171208377
2013-01-31,False,-0.31645569620253333,-0.5216525633285896,-0.21052631578947212,2.7823266113015714
2013-02-28,False,-0.31612223393047145,-0.38800544641899304,-0.31645569620253333,2.7761904087124543
2013-03-31,False,-0.524109014675056,-0.4463222322071969,-0.31612223393046035,2.7700791189048592
2013-04-30,False,-0.4184100418409997,-0.41448403649796406,-0.524109014675056,2.763581706412592
2013-05-31,False,0.0,0.0010374838165461142,-0.4184100418409997,2.7573179431286277
2013-06-30,False,0.3154574132492316,0.3411870899884706,0.0,2.751900815538984
2013-07-31,False,0.6322444678608985,0.5215452640445983,0.3154574132492316,2.7471234755344947
2013-08-31,False,0.7360672975814886,0.7125735888031004,0.6322444678608985,2.742984769061552
2013-09-30,False,0.6295907660021083,0.5751358345043256,0.7360672975814886,2.7390650083750674
2013-10-31,False,0.8394543546694555,0.8070652784007315,0.6295907660021083,2.7349529728148863
2013-11-30,False,1.157894736842091,1.0815102628077833,0.8394543546694555,2.7312652323126576
2013-12-31,False,1.2658227848101333,1.4036857703653594,1.157894736842091,2.728210143971938
2014-01-31,False,1.3756613756613634,1.0457949160515234,1.2658227848101333,2.7253760599425547
2014-02-28,False,1.3742071881606588,1.4315786667809416,1.3756613756613634,2.7227653932418177
2014-03-31,False,1.3698630136986356,1.5375805063666093,1.374207188160681,2.720161999023514
2014-04-30,False,3.256302521008392,2.8152645475822524,1.3698630136986356,2.717560266874526
2014-05-31,False,3.3542976939203273,3.4957986128684393,3.256302521008392,2.718596309670937
2014-06-30,False,3.3542976939203273,3.346930331545761,3.3542976939203273,2.7198164658787096
2014-07-31,False,3.350785340314144,3.1765397218090685,3.3542976939203273,2.7210319471584827
2014-08-31,False,3.131524008350728,3.211655496683008,3.350785340314144,2.722236064545014
2014-09-30,False,3.023983315954104,2.9499684463798026,3.131524008350728,2.723017148407238
2014-10-31,False,2.913631633714897,2.91685652592637,3.023983315954104,2.7235904172978036
2014-11-30,False,2.6014568158168716,2.734022721523788,2.913631633714897,2.7239517123860493
2014-12-31,False,2.604166666666674,2.5055395239091727,2.6014568158168494,2.723719274252142
2015-01-31,False,2.2964509394572064,2.31660864877814,2.604166666666674,2.723492848858988
2015-02-28,False,2.085505735140769,2.220333322922774,2.2964509394572064,2.7226855862703263
2015-03-31,False,2.182952182952169,2.2089058086116165,2.085505735140769,2.7214833601361192
2015-04-30,False,0.4069175991861629,0.38527882138346126,2.182952182952169,2.72046917712824
2015-05-31,False,0.20283975659229903,0.18056337411496148,0.4069175991861629,2.716120395966695
2015-06-30,False,0.10141987829614951,0.12761249424591004,0.20283975659229903,2.711405047675186
2015-07-31,False,-0.10131712259372483,-0.20435092589032866,0.10141987829614951,2.7065174349984464
2015-08-31,False,-0.2024291497975783,-0.13306199807019414,-0.10131712259372483,2.7012691461057505
2015-09-30,False,-0.2024291497975783,-0.3060963160214758,-0.2024291497975783,2.6958517985387664
2015-10-31,False,-0.30333670374116384,-0.20904366720737588,-0.2024291497975783,2.6904546273128145
2015-11-30,False,0.0,0.018369317186772705,-0.30333670374116384,2.684889959411227
2015-12-31,False,-1.1102230246251565e-14,0.10248058715287556,0.0,2.679908716443859
2016-01-31,False,-1.1102230246251565e-14,-0.15373116738461867,0.0,2.6749459225245187
2016-02-29,False,0.0,0.1449313488254278,0.0,2.670001475347948
2016-03-31,False,-0.3051881993896166,-0.14275291669868517,0.0,2.6650752733639114
2016-04-30,False,-0.4052684903748771,-0.4925945774116758,-0.3051881993896166,2.659605174887386
2016-05-31,False,-0.4048582995951233,-0.5316865980331653,-0.4052684903748771,2.653971215943889
2016-06-30,False,-0.4052684903748771,-0.25953509868896774,-0.4048582995951344,2.6483586847227163
2016-07-31,False,-0.5070993914807254,-0.6152524249603886,-0.4052684903748771,2.6427659609588017
2016-08-31,False,-0.5070993914807254,-0.4632557518298941,-0.5070993914807254,2.637007523385786
2016-09-30,False,-0.5070993914807254,-0.6246319224722519,-0.5070993914807254,2.6312701020082923
2016-10-31,False,-0.30425963488842633,-0.3208605468240311,-0.5070993914807254,2.625553581983722
2016-11-30,False,-0.30425963488843744,-0.26874371985907697,-0.30425963488843744,2.6202266488621366
2016-12-31,False,-0.20304568527919065,-0.3236371875295463,-0.30425963488843744,2.614919051250974
2017-01-31,False,0.10204081632652073,-0.0042593704173476965,-0.20304568527919065,2.6098140426703034
2017-02-28,False,0.20429009193052572,0.27374101125239303,0.10204081632652073,2.6052791905430994
2017-03-31,False,0.3061224489795844,0.28391270397083446,0.20429009193052572,2.600945275202643
2017-04-30,False,0.3051881993896277,0.3812937750962142,0.3061224489795844,2.5968104592995385
2017-05-31,False,0.40650406504065817,0.4011948577990365,0.3051881993896277,2.5926888365299168
2017-06-30,False,0.4069175991861629,0.34507145698927655,0.40650406504063596,2.588763908753455
2017-07-31,False,0.5096839959225274,0.5095558653396504,0.4069175991861629,2.5848537899191046
2017-08-31,False,0.7135575942915473,0.8755644553996467,0.5096839959225274,2.581141500484406
2017-09-30,False,0.7135575942915473,0.6597811604008852,0.7135575942915473,2.577806529223347
2017-10-31,False,0.8138351983723258,0.8139405939076694,0.7135575942915473,2.5744834473428986
2017-11-30,False,0.9155645981688831,0.8628784477712426,0.8138351983723258,2.5713506212771144
2017-12-31,False,0.9155645981688831,0.9332774246746167,0.9155645981688831,2.568409615907473
2018-01-31,False,0.815494393476035,0.6903676863969865,0.9155645981688831,2.5654790396348868
2018-02-28,False,1.0193679918450549,0.9666046954396101,0.8154943934760572,2.5623817216770832
2018-03-31,False,0.8138351983723258,1.0064483654666168,1.0193679918450549,2.559655549009536
2018-04-30,False,0.7099391480730244,0.7105594093549383,0.8138351983723258,2.5565765007720804
2018-05-31,False,0.708502024291513,0.6487824286254051,0.7099391480730244,2.553325378672258
2018-06-30,False,0.8105369807497542,0.8347283267917671,0.7085020242914908,2.5500831583657892
2018-07-31,False,0.8113590263691961,0.9257312232423098,0.8105369807497542,2.547031322966463
2018-08-31,False,0.9109311740890691,0.9513259999008428,0.8113590263691739,2.543991616667694
2018-09-30,False,0.9109311740890691,0.9527476164534976,0.9109311740890691,2.541136615893955
2018-10-31,False,1.0090817356205983,0.9929445522696367,0.9109311740890691,2.5382915802189023
2018-11-30,False,0.9072580645161255,0.9161356189578695,1.0090817356205761,2.5356274515697765
2018-12-31,False,0.7056451612903247,0.7715184018067145,0.9072580645161255,2.532795504809683
2019-01-31,False,0.8088978766430666,0.6848963002816122,0.7056451612903247,2.529623368796629
2019-02-28,False,0.7063572149344166,0.9096142447710953,0.8088978766430666,2.5266411755693263
2019-03-31,False,0.8072653884964698,0.843011835565366,0.7063572149344166,2.5234918953606154
2019-04-30,False,0.9063444108761587,0.9853167238449201,0.8072653884964698,2.520527773587102
2019-05-31,False,0.7035175879396949,0.6636181216596926,0.9063444108761365,2.5177446988238077
2019-06-30,False,0.603015075376856,0.5047694770613509,0.7035175879396949,2.5146221048291704
2019-07-31,False,0.6036217303822866,0.6092136032802564,0.6030150753768782,2.5113375566686
2019-08-31,False,0.5015045135406293,0.6459397022229751,0.6036217303822866,2.5080653168293434
2019-09-30,False,0.4012036108324901,0.25338517534043703,0.5015045135406293,2.5046294250428898
2019-10-31,False,0.3996003996004083,0.35859318480946367,0.4012036108324901,2.501033825360479
2019-11-30,False,0.4995004995005159,0.5181080178105146,0.3996003996004083,2.4974477614939943
2019-12-31,False,0.700700700700696,0.8291913109231608,0.4995004995004937,2.494044103466748
2020-01-31,False,0.8024072216650024,0.6457586147606387,0.700700700700696,2.4909941997205474
2020-02-29,False,0.6012024048096087,0.666177389823841,0.8024072216650024,2.4881273287900627
2020-03-31,False,0.6006006006006093,0.565175280092145,0.6012024048096309,2.4849291509528078
2020-04-30,False,-0.09980039920159944,-0.03512348982694924,0.6006006006005871,2.481740777771163
2020-05-31,False,-0.09980039920161055,0.00930364267555106,-0.09980039920161055,2.4773800663235734
2020-06-30,False,-0.09990009990009652,-0.01728843284768411,-0.09980039920161055,2.4730340621658584
2020-07-31,False,0.0,0.14725278077956094,-0.09990009990009652,2.468702523172481
2020-08-31,False,-0.3992015968063978,-0.44598368945849565,0.0,2.464553443301603
2020-09-30,False,-0.39960039960039717,-0.4626149878294572,-0.3992015968063978,2.4597484851806164
2020-10-31,False,-0.7960199004975133,-0.7291496811680731,-0.39960039960038607,2.45495895606038
2020-11-30,False,-0.994035785288272,-0.9874097250544334,-0.7960199004975133,2.4495225365678084
2020-12-31,False,-0.994035785288272,-1.1048153044712516,-0.994035785288272,2.4437736912892505
2021-01-31,False,-0.6965174129353269,-0.6959243296341344,-0.994035785288272,2.4380440088282884
2021-02-28,False,-0.4980079681274896,-0.4576311800647548,-0.6965174129353269,2.4328284324193636
2021-03-31,False,-0.3980099502487566,-0.36135883315704387,-0.4980079681274896,2.427959933415133
2021-04-30,False,-0.7992007992007943,-0.5780031186407464,-0.3980099502487566,2.423273416195127
2021-05-31,False,-0.5994005994005902,-0.5887202989482532,-0.7992007992007943,2.417938193984206
2021-06-30,False,-0.5000000000000004,-0.5470966251210796,-0.5994005994005902,2.412950857135636
2021-07-31,False,-0.19999999999998908,-0.17635628983779794,-0.5000000000000004,2.4081440075364027
2021-08-31,False,0.0,0.11198711200444134,-0.20000000000000018,2.4038472299292586
2021-09-30,False,0.10030090270811698,0.01011184303867374,0.0,2.399893533827401
2021-10-31,False,0.20060180541625616,0.1200700431015278,0.10030090270811698,2.3961175196547915
2021-11-30,False,0.5020080321285203,0.5195813257518722,0.20060180541625616,2.392518313565876
2021-12-31,False,0.40160642570281624,0.4902586490449945,0.5020080321285203,2.389424188719006
2022-01-31,False,0.30060120240480437,0.1376616684635179,0.40160642570281624,2.386176120478784
2022-02-28,False,0.6006006006006093,0.6876275405995003,0.30060120240480437,2.3827738775455476
2022-03-31,False,0.7992007992008165,0.8150613104637161,0.6006006006005871,2.379871315205246
2022-04-30,False,2.114803625377637,2.1158739094847556,0.7992007992008165,2.3773011192442635
2022-05-31,False,2.1105527638190846,2.1489963081281482,2.114803625377659,2.376874986949025
2022-06-30,False,2.2110552763819014,2.2319991676607254,2.1105527638190846,2.3764433463928993
2022-07-31,False,2.4048096192384794,2.3522380790017783,2.2110552763819014,2.3761757281566354
2022-08-31,False,2.7054108216432837,2.684352728602013,2.4048096192384794,2.3762219864620984
2022-09-30,False,3.106212424849697,2.9776645016980963,2.7054108216432837,2.3767529361962616
2022-10-31,False,3.5035035035035023,3.46060737256344,3.106212424849697,2.3779275891570566
2022-11-30,False,3.6963036963036933,3.70228159845305,3.5035035035035023,2.3797371967363916
2022-12-31,False,4.0999999999999925,4.032729784218447,3.6963036963036933,2.38185046559605
2023-01-31,False,4.195804195804209,4.234801471653538,4.0999999999999925,2.384603910362723
2023-02-28,False,3.0845771144278444,3.269098788486091,4.195804195804209,2.3875018308194296
2023-03-31,False,3.1714568880079064,2.9836556529627023,3.0845771144278444,2.388615369611136
2023-04-30,False,3.3530571992110403,3.378178317446179,3.1714568880079064,2.3898639206771595
2023-05-31,False,3.149606299212593,3.165704064218766,3.3530571992110403,2.3913976679359714
2023-06-30,False,3.244837758112107,3.10375101669369,3.149606299212593,2.3926030870635975
2023-07-31,False,3.131115459882583,3.1059508412879744,3.2448377581120846,2.3939558405097063
2023-08-31,False,3.121951219512198,2.976669329306958,3.131115459882583,2.3951240807939738
2023-09-30,False,2.7210884353741527,2.6761393711594472,3.121951219512198,2.3962741237349836
2023-10-31,False,2.9013539651837394,2.924248434550525,2.7210884353741527,2.3967872585085055
2023-11-30,False,2.5048169556840083,2.5447771360062488,2.9013539651837617,2.3975831050490024
2023-12-31,False,2.2094140249759864,2.2704476988480327,2.5048169556840083,2.397751977254727
2024-01-31,False,2.0134228187919545,1.8850022070941996,2.2094140249759864,2.397455848398943
2024-02-29,False,2.7992277992278103,2.914671712783834,2.0134228187919545,2.3968529708014437
2024-03-31,False,2.5936599423631135,2.591019410508233,2.7992277992278103,2.3974836523507013
2024-04-30,False,2.194656488549618,1.8671278638430433,2.5936599423631135,2.39779065749939
2024-05-31,False,2.57633587786259,2.49570690052745,2.194656488549618,2.3974732603604063
2024-06-30,True,2.6666666666666394,2.6338239614732695,2.57633587786259,2.3977522972051832
2024-07-31,True,2.751423149905108,2.6591166309858583,2.6666666666666616,2.398171166939547
2024-08-31,True,2.838221381267725,2.858797739900254,2.751423149905108,2.3987205479394937
2024-09-30,True,2.365184484389782,2.3510976746757395,2.838221381267747,2.3994030026496307
2024-10-31,True,2.2556390977443552,2.106156093962963,2.365184484389782,2.3993499506833365
2024-11-30,True,2.631578947368407,2.665497277284823,2.2556390977443552,2.399127488062688
2024-12-31,True,3.007518796992481,2.925922490152244,2.6315789473684292,2.399486763888508
2025-01-31,True,3.195488721804529,3.1296664280812347,3.007518796992481,2.400425084927249
2025-02-28,True,3.0046948356807546,2.9441390916125965,3.195488721804507,2.4016501444601874
2025-03-31,True,3.183520599250933,3.18021378394735,3.0046948356807546,2.4025779055236036
2025-04-30,True,3.5480859010271093,3.680448653077528,3.183520599250933,2.403777510275873
2025-05-31,True,3.6279069767441996,3.5633118549923903,3.548085901027087,2.405532584494817
2025-06-30,True,3.3395176252319247,3.2119530178868816,3.6279069767441996,2.407404520776975
2025-07-31,True,3.0470914127423976,3.023949708855489,3.3395176252319247,2.408829770172166
2025-08-31,True,2.6678932842686187,2.796375389164285,3.0470914127423754,2.409804215427999
2025-09-30,True,2.957486136783749,2.6401483866904663,2.6678932842686187,2.410197643886597
2025-10-31,True,3.0330882352941124,3.1904428912684413,2.957486136783727,2.411030655291311
2025-11-30,True,3.0219780219780334,3.0460582621064436,3.0330882352941124,2.4119760315527135
2025-12-31,True,2.3722627737226443,2.455689375866932,3.0219780219780112,2.4129016794896256
2026-01-31,True,2.003642987249532,1.9856242687639858,2.3722627737226443,2.412840105389979
2026-02-28,True,1.5496809480401108,1.795821129613473,2.0036429872495543,2.4122210477225954
2026-03-31,True,1.724137931034475,1.4666510922722642,1.5496809480401108,2.4109181170584226
2026-04-30,True,1.4427412082957725,1.8290528176885923,1.724137931034475,2.4098822495078585
2026-05-31,True,1.4362657091562037,1.2733578083213626,1.4427412082957503,2.4084257117951897
2026-06-30,True,1.5260323159784317,1.5642593820555994,1.4362657091561815,2.406963817054379
