Period,Japan Core CPI,Japan Core CPI_available,Tokyo Core CPI,Tokyo Core CPI_available,Japan Core-Core CPI,Japan Core-Core CPI_available,USDJPY,USDJPY_available,Oil_Brent,Oil_Brent_available
1970-01-31,30.5,1970-02-24,30.8,1970-02-01,30.3,1970-02-24,,,,
1970-02-28,30.6,1970-03-24,30.9,1970-03-01,30.4,1970-03-24,,,,
1970-03-31,30.6,1970-04-24,31.0,1970-04-01,30.4,1970-04-24,,,,
1970-04-30,30.9,1970-05-24,31.3,1970-05-01,30.7,1970-05-24,,,,
1970-05-31,31.0,1970-06-24,31.3,1970-06-01,30.8,1970-06-24,,,,
1970-06-30,31.1,1970-07-24,31.3,1970-07-01,30.9,1970-07-24,,,,
1970-07-31,31.2,1970-08-24,31.4,1970-08-01,31.0,1970-08-24,,,,
1970-08-31,31.2,1970-09-24,31.5,1970-09-01,31.0,1970-09-24,,,,
1970-09-30,31.5,1970-10-24,31.8,1970-10-01,31.3,1970-10-24,,,,
1970-10-31,31.9,1970-11-24,32.2,1970-11-01,31.7,1970-11-24,,,,
1970-11-30,32.1,1970-12-24,32.4,1970-12-01,31.9,1970-12-24,,,,
1970-12-31,32.3,1971-01-24,32.6,1971-01-01,32.1,1971-01-24,,,,
1971-01-31,32.4,1971-02-24,32.7,1971-02-01,32.2,1971-02-24,357.72,1971-01-31,,
1971-02-28,32.4,1971-03-24,32.7,1971-03-01,32.2,1971-03-24,357.56,1971-02-28,,
1971-03-31,32.6,1971-04-24,32.8,1971-04-01,32.3,1971-04-24,357.42,1971-03-31,,
1971-04-30,33.0,1971-05-24,33.2,1971-05-01,32.8,1971-05-24,357.4,1971-04-30,,
1971-05-31,33.2,1971-06-24,33.4,1971-06-01,33.0,1971-06-24,357.4,1971-05-31,,
1971-06-30,33.5,1971-07-24,33.7,1971-07-01,33.2,1971-07-24,357.4,1971-06-30,,
1971-07-31,33.5,1971-08-24,33.8,1971-08-01,33.3,1971-08-24,357.39,1971-07-31,,
1971-08-31,33.5,1971-09-24,33.7,1971-09-01,33.2,1971-09-24,339.85,1971-08-31,,
1971-09-30,33.8,1971-10-24,34.1,1971-10-01,33.6,1971-10-24,335.35,1971-09-30,,
1971-10-31,33.9,1971-11-24,34.2,1971-11-01,33.7,1971-11-24,329.5,1971-10-31,,
1971-11-30,34.0,1971-12-24,34.4,1971-12-01,33.8,1971-12-24,327.44,1971-11-30,,
1971-12-31,34.1,1972-01-24,34.5,1972-01-01,34.0,1972-01-24,315.01,1971-12-31,,
1972-01-31,34.1,1972-02-24,34.5,1972-02-01,33.9,1972-02-24,310.56,1972-01-31,,
1972-02-29,34.3,1972-03-24,34.7,1972-03-01,34.1,1972-03-24,303.4,1972-02-29,,
1972-03-31,34.4,1972-04-24,34.9,1972-04-01,34.3,1972-04-24,304.32,1972-03-31,,
1972-04-30,34.7,1972-05-24,35.1,1972-05-01,34.6,1972-05-24,304.88,1972-04-30,,
1972-05-31,34.9,1972-06-24,35.4,1972-06-01,34.8,1972-06-24,304.69,1972-05-31,,
1972-06-30,35.1,1972-07-24,35.7,1972-07-01,34.9,1972-07-24,300.93,1972-06-30,,
1972-07-31,35.2,1972-08-24,35.9,1972-08-01,35.0,1972-08-24,301.39,1972-07-31,,
1972-08-31,35.2,1972-09-24,36.1,1972-09-01,35.1,1972-09-24,301.11,1972-08-31,,
1972-09-30,35.4,1972-10-24,36.2,1972-10-01,35.3,1972-10-24,301.11,1972-09-30,,
1972-10-31,35.8,1972-11-24,36.5,1972-11-01,35.7,1972-11-24,301.11,1972-10-31,,
1972-11-30,35.9,1972-12-24,36.8,1972-12-01,35.8,1972-12-24,301.11,1972-11-30,,
1972-12-31,36.2,1973-01-24,37.1,1973-01-01,36.1,1973-01-24,301.66,1972-12-31,,
1973-01-31,36.3,1973-02-24,37.3,1973-02-01,36.3,1973-02-24,301.39,1973-01-31,,
1973-02-28,36.8,1973-03-24,37.7,1973-03-01,36.6,1973-03-24,265.67,1973-02-28,,
1973-03-31,37.4,1973-04-24,38.3,1973-04-01,37.3,1973-04-24,265.96,1973-03-31,,
1973-04-30,37.9,1973-05-24,38.7,1973-05-01,37.9,1973-05-24,265.53,1973-04-30,,
1973-05-31,38.5,1973-06-24,39.3,1973-06-01,38.4,1973-06-24,264.69,1973-05-31,,
1973-06-30,38.9,1973-07-24,39.7,1973-07-01,38.8,1973-07-24,263.16,1973-06-30,,
1973-07-31,39.2,1973-08-24,40.0,1973-08-01,39.2,1973-08-24,263.44,1973-07-31,,
1973-08-31,39.3,1973-09-24,40.2,1973-09-01,39.4,1973-09-24,265.39,1973-08-31,,
1973-09-30,40.1,1973-10-24,40.8,1973-10-01,40.1,1973-10-24,265.6,1973-09-30,,
1973-10-31,40.6,1973-11-24,41.1,1973-11-01,40.6,1973-11-24,266.95,1973-10-31,,
1973-11-30,41.3,1973-12-24,41.7,1973-12-01,41.2,1973-12-24,280.11,1973-11-30,,
1973-12-31,42.5,1974-01-24,42.7,1974-01-01,42.4,1974-01-24,280.27,1973-12-31,,
1974-01-31,43.9,1974-02-24,43.9,1974-02-01,43.7,1974-02-24,298.77,1974-01-31,,
1974-02-28,45.1,1974-03-24,45.0,1974-03-01,45.0,1974-03-24,288.43,1974-02-28,,
1974-03-31,45.5,1974-04-24,45.5,1974-04-01,45.4,1974-04-24,276.09,1974-03-31,,
1974-04-30,46.3,1974-05-24,46.3,1974-05-01,46.2,1974-05-24,279.64,1974-04-30,,
1974-05-31,47.0,1974-06-24,47.1,1974-06-01,46.9,1974-06-24,281.93,1974-05-31,,
1974-06-30,47.6,1974-07-24,47.6,1974-07-01,47.2,1974-07-24,284.25,1974-06-30,,
1974-07-31,48.2,1974-08-24,48.2,1974-08-01,47.9,1974-08-24,298.24,1974-07-31,,
1974-08-31,48.4,1974-09-24,48.3,1974-09-01,48.0,1974-09-24,302.94,1974-08-31,,
1974-09-30,49.0,1974-10-24,49.1,1974-10-01,48.6,1974-10-24,298.33,1974-09-30,,
1974-10-31,50.6,1974-11-24,50.7,1974-11-01,50.3,1974-11-24,299.94,1974-10-31,,
1974-11-30,51.2,1974-12-24,51.3,1974-12-01,50.7,1974-12-24,300.3,1974-11-30,,
1974-12-31,51.5,1975-01-24,51.7,1975-01-01,51.1,1975-01-24,301.02,1974-12-31,,
1975-01-31,51.8,1975-02-24,51.8,1975-02-01,51.3,1975-02-24,297.97,1975-01-31,,
1975-02-28,51.9,1975-03-24,51.9,1975-03-01,51.5,1975-03-24,286.45,1975-02-28,,
1975-03-31,52.1,1975-04-24,52.3,1975-04-01,51.8,1975-04-24,294.03,1975-03-31,,
1975-04-30,53.1,1975-05-24,53.4,1975-05-01,52.7,1975-05-24,292.23,1975-04-30,,
1975-05-31,53.3,1975-06-24,53.7,1975-06-01,53.0,1975-06-24,291.55,1975-05-31,,
1975-06-30,53.6,1975-07-24,54.0,1975-07-01,53.2,1975-07-24,295.68,1975-06-30,,
1975-07-31,53.9,1975-08-24,54.2,1975-08-01,53.5,1975-08-24,297.71,1975-07-31,,
1975-08-31,53.7,1975-09-24,54.1,1975-09-01,53.3,1975-09-24,297.97,1975-08-31,,
1975-09-30,54.6,1975-10-24,55.1,1975-10-01,54.3,1975-10-24,302.85,1975-09-30,,
1975-10-31,54.9,1975-11-24,55.4,1975-11-01,54.6,1975-11-24,301.75,1975-10-31,,
1975-11-30,55.1,1975-12-24,55.6,1975-12-01,54.9,1975-12-24,303.12,1975-11-30,,
1975-12-31,55.3,1976-01-24,55.8,1976-01-01,55.1,1976-01-24,305.16,1975-12-31,,
1976-01-31,56.0,1976-02-24,56.6,1976-02-01,55.7,1976-02-24,303.67,1976-01-31,,
1976-02-29,56.3,1976-03-24,56.9,1976-03-01,56.0,1976-03-24,302.11,1976-02-29,,
1976-03-31,56.5,1976-04-24,57.3,1976-04-01,56.3,1976-04-24,299.58,1976-03-31,,
1976-04-30,57.6,1976-05-24,58.1,1976-05-01,57.4,1976-05-24,299.04,1976-04-30,,
1976-05-31,58.0,1976-06-24,58.5,1976-06-01,57.8,1976-06-24,300.03,1976-05-31,,
1976-06-30,58.3,1976-07-24,58.7,1976-07-01,58.2,1976-07-24,297.97,1976-06-30,,
1976-07-31,58.7,1976-08-24,59.0,1976-08-01,58.4,1976-08-24,293.26,1976-07-31,,
1976-08-31,58.6,1976-09-24,58.7,1976-09-01,58.2,1976-09-24,289.35,1976-08-31,,
1976-09-30,59.6,1976-10-24,59.9,1976-10-01,59.1,1976-10-24,286.86,1976-09-30,,
1976-10-31,59.9,1976-11-24,60.6,1976-11-01,59.4,1976-11-24,294.38,1976-10-31,,
1976-11-30,60.3,1976-12-24,61.0,1976-12-01,59.9,1976-12-24,297.09,1976-11-30,,
1976-12-31,61.2,1977-01-24,61.7,1977-01-01,60.7,1977-01-24,293.08,1976-12-31,,
1977-01-31,61.2,1977-02-24,61.8,1977-02-01,60.8,1977-02-24,288.43,1977-01-31,,
1977-02-28,61.3,1977-03-24,61.9,1977-03-01,60.8,1977-03-24,282.81,1977-02-28,,
1977-03-31,61.6,1977-04-24,62.1,1977-04-01,61.1,1977-04-24,277.55,1977-03-31,,
1977-04-30,62.5,1977-05-24,63.1,1977-05-01,62.2,1977-05-24,277.78,1977-04-30,,
1977-05-31,63.1,1977-06-24,63.8,1977-06-01,62.8,1977-06-24,277.28,1977-05-31,,
1977-06-30,63.4,1977-07-24,64.0,1977-07-01,63.0,1977-07-24,267.59,1977-06-30,,
1977-07-31,63.5,1977-08-24,64.3,1977-08-01,63.2,1977-08-24,266.81,1977-07-31,,
1977-08-31,63.3,1977-09-24,64.0,1977-09-01,63.0,1977-09-24,267.5,1977-08-31,,
1977-09-30,64.1,1977-10-24,64.8,1977-10-01,63.8,1977-10-24,263.71,1977-09-30,,
1977-10-31,64.4,1977-11-24,65.3,1977-11-01,64.1,1977-11-24,249.13,1977-10-31,,
1977-11-30,64.5,1977-12-24,65.4,1977-12-01,64.2,1977-12-24,244.02,1977-11-30,,
1977-12-31,64.7,1978-01-24,65.5,1978-01-01,64.4,1978-01-24,239.98,1977-12-31,,
1978-01-31,64.6,1978-02-24,65.5,1978-02-01,64.3,1978-02-24,241.6,1978-01-31,,
1978-02-28,64.7,1978-03-24,65.8,1978-03-01,64.4,1978-03-24,238.1,1978-02-28,,
1978-03-31,65.0,1978-04-24,66.1,1978-04-01,64.8,1978-04-24,229.89,1978-03-31,,
1978-04-30,65.6,1978-05-24,66.9,1978-05-01,65.5,1978-05-24,224.97,1978-04-30,,
1978-05-31,66.1,1978-06-24,67.3,1978-06-01,66.0,1978-06-24,221.34,1978-05-31,,
1978-06-30,66.1,1978-07-24,67.1,1978-07-01,66.1,1978-07-24,203.71,1978-06-30,,
1978-07-31,66.3,1978-08-24,67.4,1978-08-01,66.3,1978-08-24,189.14,1978-07-31,,
1978-08-31,66.0,1978-09-24,67.1,1978-09-01,65.9,1978-09-24,190.51,1978-08-31,,
1978-09-30,66.5,1978-10-24,67.7,1978-10-01,66.6,1978-10-24,189.19,1978-09-30,,
1978-10-31,66.6,1978-11-24,67.8,1978-11-01,66.8,1978-11-24,179.5,1978-10-31,,
1978-11-30,66.7,1978-12-24,67.9,1978-12-01,66.9,1978-12-24,199.1,1978-11-30,,
1978-12-31,66.8,1979-01-24,68.2,1979-01-01,67.1,1979-01-24,194.3,1978-12-31,,
1979-01-31,66.7,1979-02-24,68.1,1979-02-01,66.9,1979-02-24,202.2,1979-01-31,,
1979-02-28,66.6,1979-03-24,68.0,1979-03-01,66.8,1979-03-24,202.65,1979-02-28,,
1979-03-31,66.9,1979-04-24,68.4,1979-04-01,67.1,1979-04-24,209.58,1979-03-31,,
1979-04-30,67.6,1979-05-24,69.1,1979-05-01,67.6,1979-05-24,221.8,1979-04-30,,
1979-05-31,68.1,1979-06-24,69.5,1979-06-01,68.2,1979-06-24,220.35,1979-05-31,,
1979-06-30,68.5,1979-07-24,69.7,1979-07-01,68.3,1979-07-24,217.8,1979-06-30,,
1979-07-31,68.7,1979-08-24,69.7,1979-08-01,68.4,1979-08-24,216.7,1979-07-31,,
1979-08-31,68.4,1979-09-24,69.4,1979-09-01,68.1,1979-09-24,220.4,1979-08-31,,
1979-09-30,69.2,1979-10-24,70.4,1979-10-01,68.8,1979-10-24,224.5,1979-09-30,,
1979-10-31,69.5,1979-11-24,70.6,1979-11-01,69.1,1979-11-24,237.85,1979-10-31,,
1979-11-30,69.7,1979-12-24,70.7,1979-12-01,69.3,1979-12-24,249.55,1979-11-30,,
1979-12-31,70.1,1980-01-24,71.0,1980-01-01,69.5,1980-01-24,240.3,1979-12-31,,
1980-01-31,70.3,1980-02-24,71.3,1980-02-01,69.8,1980-02-24,239.33,1980-01-31,,
1980-02-29,70.6,1980-03-24,71.5,1980-03-01,69.8,1980-03-24,251.65,1980-02-29,,
1980-03-31,71.1,1980-04-24,71.9,1980-04-01,70.3,1980-04-24,249.95,1980-03-31,,
1980-04-30,72.8,1980-05-24,73.8,1980-05-01,71.2,1980-05-24,239.35,1980-04-30,,
1980-05-31,73.8,1980-06-24,74.9,1980-06-01,72.3,1980-06-24,223.0,1980-05-31,,
1980-06-30,74.2,1980-07-24,75.3,1980-07-01,72.7,1980-07-24,219.9,1980-06-30,,
1980-07-31,74.4,1980-08-24,75.3,1980-08-01,72.9,1980-08-24,227.4,1980-07-31,,
1980-08-31,74.0,1980-09-24,75.0,1980-09-01,72.5,1980-09-24,219.1,1980-08-31,,
1980-09-30,74.7,1980-10-24,75.7,1980-10-01,73.3,1980-10-24,210.85,1980-09-30,,
1980-10-31,75.2,1980-11-24,76.2,1980-11-01,73.8,1980-11-24,211.05,1980-10-31,,
1980-11-30,75.4,1980-12-24,76.3,1980-12-01,74.0,1980-12-24,216.6,1980-11-30,,
1980-12-31,75.5,1981-01-24,76.4,1981-01-01,74.2,1981-01-24,203.1,1980-12-31,,
1981-01-31,75.5,1981-02-24,76.2,1981-02-01,74.2,1981-02-24,206.7,1981-01-31,,
1981-02-28,75.4,1981-03-24,76.3,1981-03-01,74.0,1981-03-24,209.7,1981-02-28,,
1981-03-31,75.6,1981-04-24,76.6,1981-04-01,74.3,1981-04-24,211.25,1981-03-31,,
1981-04-30,76.1,1981-05-24,76.9,1981-05-01,74.9,1981-05-24,215.78,1981-04-30,,
1981-05-31,77.1,1981-06-24,78.1,1981-06-01,75.7,1981-06-24,223.9,1981-05-31,,
1981-06-30,77.3,1981-07-24,78.3,1981-07-01,75.9,1981-07-24,226.85,1981-06-30,,
1981-07-31,77.2,1981-08-24,78.2,1981-08-01,75.9,1981-08-24,240.4,1981-07-31,,
1981-08-31,77.0,1981-09-24,77.8,1981-09-01,75.5,1981-09-24,230.5,1981-08-31,,
1981-09-30,77.9,1981-10-24,78.7,1981-10-01,76.4,1981-10-24,232.3,1981-09-30,,
1981-10-31,78.2,1981-11-24,79.1,1981-11-01,76.8,1981-11-24,232.8,1981-10-31,,
1981-11-30,78.4,1981-12-24,79.5,1981-12-01,76.9,1981-12-24,214.2,1981-11-30,,
1981-12-31,78.5,1982-01-24,79.5,1982-01-01,77.1,1982-01-24,219.8,1981-12-31,,
1982-01-31,78.3,1982-02-24,79.4,1982-02-01,76.8,1982-02-24,228.3,1982-01-31,,
1982-02-28,78.1,1982-03-24,79.2,1982-03-01,76.6,1982-03-24,237.25,1982-02-28,,
1982-03-31,78.2,1982-04-24,79.4,1982-04-01,76.8,1982-04-24,248.25,1982-03-31,,
1982-04-30,78.7,1982-05-24,80.1,1982-05-01,77.3,1982-05-24,235.85,1982-04-30,,
1982-05-31,79.4,1982-06-24,80.6,1982-06-01,78.0,1982-06-24,243.3,1982-05-31,,
1982-06-30,79.6,1982-07-24,80.9,1982-07-01,78.1,1982-07-24,255.0,1982-06-30,,
1982-07-31,79.5,1982-08-24,80.6,1982-08-01,78.0,1982-08-24,258.1,1982-07-31,,
1982-08-31,79.3,1982-09-24,80.3,1982-09-01,77.6,1982-09-24,261.1,1982-08-31,,
1982-09-30,80.1,1982-10-24,81.2,1982-10-01,78.6,1982-10-24,268.3,1982-09-30,,
1982-10-31,80.4,1982-11-24,81.5,1982-11-01,78.9,1982-11-24,277.1,1982-10-31,,
1982-11-30,80.5,1982-12-24,81.4,1982-12-01,78.9,1982-12-24,249.2,1982-11-30,,
1982-12-31,80.5,1983-01-24,81.7,1983-01-01,79.0,1983-01-24,234.7,1982-12-31,,
1983-01-31,80.2,1983-02-24,81.4,1983-02-01,78.6,1983-02-24,239.85,1983-01-31,,
1983-02-28,79.8,1983-03-24,81.0,1983-03-01,78.4,1983-03-24,237.85,1983-02-28,,
1983-03-31,80.0,1983-04-24,81.2,1983-04-01,78.6,1983-04-24,239.0,1983-03-31,,
1983-04-30,80.4,1983-05-24,81.7,1983-05-01,79.2,1983-05-24,238.3,1983-04-30,,
1983-05-31,80.9,1983-06-24,82.3,1983-06-01,79.8,1983-06-24,238.85,1983-05-31,,
1983-06-30,81.0,1983-07-24,82.2,1983-07-01,79.9,1983-07-24,239.28,1983-06-30,,
1983-07-31,80.9,1983-08-24,82.2,1983-08-01,79.8,1983-08-24,241.75,1983-07-31,,
1983-08-31,80.3,1983-09-24,81.7,1983-09-01,79.2,1983-09-24,246.45,1983-08-31,,
1983-09-30,81.3,1983-10-24,82.7,1983-10-01,80.2,1983-10-24,235.65,1983-09-30,,
1983-10-31,81.7,1983-11-24,83.0,1983-11-01,80.5,1983-11-24,234.05,1983-10-31,,
1983-11-30,81.9,1983-12-24,83.5,1983-12-01,80.8,1983-12-24,232.5,1983-11-30,,
1983-12-31,81.8,1984-01-24,83.3,1984-01-01,80.8,1984-01-24,231.7,1983-12-31,,
1984-01-31,81.5,1984-02-24,83.1,1984-02-01,80.5,1984-02-24,234.67,1984-01-31,,
1984-02-29,81.4,1984-03-24,83.1,1984-03-01,80.5,1984-03-24,233.43,1984-02-29,,
1984-03-31,81.6,1984-04-24,83.3,1984-04-01,80.5,1984-04-24,224.75,1984-03-31,,
1984-04-30,81.9,1984-05-24,83.9,1984-05-01,81.0,1984-05-24,227.0,1984-04-30,,
1984-05-31,82.8,1984-06-24,84.5,1984-06-01,82.0,1984-06-24,231.58,1984-05-31,,
1984-06-30,82.7,1984-07-24,84.1,1984-07-01,81.8,1984-07-24,237.3,1984-06-30,,
1984-07-31,82.6,1984-08-24,84.1,1984-08-01,81.8,1984-08-24,245.3,1984-07-31,,
1984-08-31,82.1,1984-09-24,83.8,1984-09-01,81.2,1984-09-24,241.9,1984-08-31,,
1984-09-30,83.1,1984-10-24,84.8,1984-10-01,82.1,1984-10-24,246.9,1984-09-30,,
1984-10-31,83.6,1984-11-24,85.0,1984-11-01,82.7,1984-11-24,245.7,1984-10-31,,
1984-11-30,83.7,1984-12-24,85.4,1984-12-01,82.8,1984-12-24,247.5,1984-11-30,,
1984-12-31,83.7,1985-01-24,85.4,1985-01-01,82.8,1985-01-24,251.6,1984-12-31,,
1985-01-31,83.6,1985-02-24,85.3,1985-02-01,82.7,1985-02-24,254.8,1985-01-31,,
1985-02-28,83.3,1985-03-24,85.2,1985-03-01,82.6,1985-03-24,259.45,1985-02-28,,
1985-03-31,83.6,1985-04-24,85.5,1985-04-01,82.8,1985-04-24,251.0,1985-03-31,,
1985-04-30,84.1,1985-05-24,86.0,1985-05-01,83.3,1985-05-24,251.5,1985-04-30,,
1985-05-31,84.3,1985-06-24,86.2,1985-06-01,83.6,1985-06-24,251.2,1985-05-31,,
1985-06-30,84.4,1985-07-24,86.3,1985-07-01,83.7,1985-07-24,248.4,1985-06-30,,
1985-07-31,84.3,1985-08-24,86.4,1985-08-01,83.6,1985-08-24,236.45,1985-07-31,,
1985-08-31,84.1,1985-09-24,86.3,1985-09-01,83.5,1985-09-24,239.0,1985-08-31,,
1985-09-30,84.5,1985-10-24,86.6,1985-10-01,83.9,1985-10-24,216.5,1985-09-30,,
1985-10-31,84.7,1985-11-24,86.7,1985-11-01,84.1,1985-11-24,211.55,1985-10-31,,
1985-11-30,84.8,1985-12-24,86.9,1985-12-01,84.2,1985-12-24,202.1,1985-11-30,,
1985-12-31,84.9,1986-01-24,87.0,1986-01-01,84.3,1986-01-24,200.25,1985-12-31,,
1986-01-31,84.7,1986-02-24,86.8,1986-02-01,84.1,1986-02-24,192.3,1986-01-31,,
1986-02-28,84.7,1986-03-24,86.7,1986-03-01,84.1,1986-03-24,180.55,1986-02-28,,
1986-03-31,84.7,1986-04-24,86.9,1986-04-01,84.2,1986-04-24,177.6,1986-03-31,,
1986-04-30,85.1,1986-05-24,87.2,1986-05-01,84.6,1986-05-24,167.6,1986-04-30,,
1986-05-31,85.4,1986-06-24,87.7,1986-06-01,85.1,1986-06-24,174.5,1986-05-31,,
1986-06-30,85.1,1986-07-24,87.2,1986-07-01,85.1,1986-07-24,163.8,1986-06-30,,
1986-07-31,84.8,1986-08-24,87.2,1986-08-01,85.0,1986-08-24,153.85,1986-07-31,,
1986-08-31,84.6,1986-09-24,87.0,1986-09-01,84.7,1986-09-24,154.55,1986-08-31,,
1986-09-30,84.9,1986-10-24,87.2,1986-10-01,85.1,1986-10-24,154.35,1986-09-30,,
1986-10-31,85.1,1986-11-24,87.3,1986-11-01,85.4,1986-11-24,163.4,1986-10-31,,
1986-11-30,85.0,1986-12-24,87.2,1986-12-01,85.4,1986-12-24,162.05,1986-11-30,,
1986-12-31,85.0,1987-01-24,87.2,1987-01-01,85.5,1987-01-24,158.3,1986-12-31,,
1987-01-31,84.5,1987-02-24,86.9,1987-02-01,85.1,1987-02-24,153.65,1987-01-31,,
1987-02-28,84.6,1987-03-24,86.9,1987-03-01,85.1,1987-03-24,153.27,1987-02-28,,
1987-03-31,84.7,1987-04-24,87.1,1987-04-01,85.2,1987-04-24,145.68,1987-03-31,,
1987-04-30,85.2,1987-05-24,87.5,1987-05-01,85.6,1987-05-24,140.67,1987-04-30,,
1987-05-31,85.2,1987-06-24,87.7,1987-06-01,85.6,1987-06-24,144.1,1987-05-31,18.58,1987-05-31
1987-06-30,85.3,1987-07-24,87.8,1987-07-01,85.8,1987-07-24,146.8,1987-06-30,19.08,1987-06-30
1987-07-31,85.2,1987-08-24,87.7,1987-08-01,85.7,1987-08-24,149.9,1987-07-31,20.03,1987-07-31
1987-08-31,85.1,1987-09-24,87.6,1987-09-01,85.6,1987-09-24,141.75,1987-08-31,18.63,1987-08-31
1987-09-30,85.3,1987-10-24,87.8,1987-10-01,85.8,1987-10-24,146.5,1987-09-30,18.48,1987-09-30
1987-10-31,85.5,1987-11-24,87.8,1987-11-01,86.0,1987-11-24,138.4,1987-10-31,18.8,1987-10-31
1987-11-30,85.5,1987-12-24,87.9,1987-12-01,86.0,1987-12-24,132.42,1987-11-30,17.7,1987-11-30
1987-12-31,85.5,1988-01-24,88.0,1988-01-01,86.1,1988-01-24,121.25,1987-12-31,17.6,1987-12-31
1988-01-31,85.1,1988-02-24,87.7,1988-02-01,85.7,1988-02-24,127.75,1988-01-31,16.28,1988-01-31
1988-02-29,85.0,1988-03-24,87.7,1988-03-01,85.6,1988-03-24,128.45,1988-02-29,14.73,1988-02-29
1988-03-31,85.1,1988-04-24,87.8,1988-04-01,85.7,1988-04-24,124.1,1988-03-31,15.65,1988-03-31
1988-04-30,85.4,1988-05-24,88.1,1988-05-01,86.2,1988-05-24,124.92,1988-04-30,16.6,1988-04-30
1988-05-31,85.6,1988-06-24,88.3,1988-06-01,86.3,1988-06-24,125.11,1988-05-31,16.2,1988-05-31
1988-06-30,85.6,1988-07-24,88.3,1988-07-01,86.4,1988-07-24,133.53,1988-06-30,14.18,1988-06-30
1988-07-31,85.4,1988-08-24,88.2,1988-08-01,86.2,1988-08-24,133.05,1988-07-31,15.75,1988-07-31
1988-08-31,85.3,1988-09-24,88.1,1988-09-01,86.1,1988-09-24,136.52,1988-08-31,14.4,1988-08-31
1988-09-30,85.7,1988-10-24,88.5,1988-10-01,86.4,1988-10-24,133.9,1988-09-30,11.93,1988-09-30
1988-10-31,85.9,1988-11-24,88.6,1988-11-01,86.7,1988-11-24,125.5,1988-10-31,12.6,1988-10-31
1988-11-30,86.0,1988-12-24,88.9,1988-12-01,86.8,1988-12-24,121.9,1988-11-30,14.35,1988-11-30
1988-12-31,86.1,1989-01-24,89.0,1989-01-01,86.9,1989-01-24,125.05,1988-12-31,16.23,1988-12-31
1989-01-31,85.7,1989-02-24,88.7,1989-02-01,86.6,1989-02-24,130.5,1989-01-31,16.38,1989-01-31
1989-02-28,85.7,1989-03-24,88.8,1989-03-01,86.6,1989-03-24,126.87,1989-02-28,17.23,1989-02-28
1989-03-31,86.0,1989-04-24,89.2,1989-04-01,86.8,1989-04-24,132.77,1989-03-31,20.45,1989-03-31
1989-04-30,87.5,1989-05-24,90.6,1989-05-01,88.5,1989-05-24,132.85,1989-04-30,20.15,1989-04-30
1989-05-31,87.9,1989-06-24,91.1,1989-06-01,88.9,1989-06-24,142.33,1989-05-31,18.25,1989-05-31
1989-06-30,88.0,1989-07-24,91.0,1989-07-01,89.0,1989-07-24,144.0,1989-06-30,18.28,1989-06-30
1989-07-31,87.9,1989-08-24,91.0,1989-08-01,88.8,1989-08-24,136.95,1989-07-31,16.3,1989-07-31
1989-08-31,87.8,1989-09-24,90.9,1989-09-01,88.7,1989-09-24,144.6,1989-08-31,17.2,1989-08-31
1989-09-30,88.2,1989-10-24,91.5,1989-10-01,89.2,1989-10-24,139.6,1989-09-30,18.23,1989-09-30
1989-10-31,88.4,1989-11-24,91.6,1989-11-01,89.4,1989-11-24,142.73,1989-10-31,18.93,1989-10-31
1989-11-30,88.5,1989-12-24,91.8,1989-12-01,89.5,1989-12-24,142.91,1989-11-30,18.48,1989-11-30
1989-12-31,88.6,1990-01-24,91.8,1990-01-01,89.6,1990-01-24,143.8,1989-12-31,21.05,1989-12-31
1990-01-31,88.5,1990-02-24,91.8,1990-02-01,89.5,1990-02-24,144.55,1990-01-31,20.5,1990-01-31
1990-02-28,88.4,1990-03-24,91.6,1990-03-01,89.3,1990-03-24,148.82,1990-02-28,19.2,1990-02-28
1990-03-31,88.8,1990-04-24,92.0,1990-04-01,89.7,1990-04-24,157.82,1990-03-31,17.95,1990-03-31
1990-04-30,89.4,1990-05-24,92.7,1990-05-01,90.4,1990-05-24,158.85,1990-04-30,16.35,1990-04-30
1990-05-31,89.8,1990-06-24,93.1,1990-06-01,90.7,1990-06-24,152.64,1990-05-31,15.3,1990-05-31
1990-06-30,89.8,1990-07-24,93.1,1990-07-01,90.7,1990-07-24,152.35,1990-06-30,15.73,1990-06-30
1990-07-31,89.8,1990-08-24,93.2,1990-08-01,90.7,1990-08-24,146.13,1990-07-31,19.23,1990-07-31
1990-08-31,89.8,1990-09-24,93.1,1990-09-01,90.7,1990-09-24,143.93,1990-08-31,27.8,1990-08-31
1990-09-30,90.4,1990-10-24,93.7,1990-10-01,91.4,1990-10-24,138.27,1990-09-30,41.0,1990-09-30
1990-10-31,91.0,1990-11-24,94.0,1990-11-01,91.7,1990-11-24,129.95,1990-10-31,34.3,1990-10-31
1990-11-30,91.3,1990-12-24,94.4,1990-12-01,91.9,1990-12-24,133.1,1990-11-30,31.2,1990-11-30
1990-12-31,91.5,1991-01-24,94.6,1991-01-01,92.1,1991-01-24,135.75,1990-12-31,28.35,1990-12-31
1991-01-31,91.4,1991-02-24,94.6,1991-02-01,92.1,1991-02-24,131.45,1991-01-31,20.7,1991-01-31
1991-02-28,91.2,1991-03-24,94.5,1991-03-01,91.9,1991-03-24,132.95,1991-02-28,19.5,1991-02-28
1991-03-31,91.6,1991-04-24,94.9,1991-04-01,92.4,1991-04-24,140.6,1991-03-31,18.0,1991-03-31
1991-04-30,92.1,1991-05-24,95.2,1991-05-01,93.0,1991-05-24,136.38,1991-04-30,19.7,1991-04-30
1991-05-31,92.5,1991-06-24,95.7,1991-06-01,93.5,1991-06-24,138.45,1991-05-31,19.0,1991-05-31
1991-06-30,92.6,1991-07-24,95.9,1991-07-01,93.6,1991-07-24,137.9,1991-06-30,18.48,1991-06-30
1991-07-31,92.6,1991-08-24,96.1,1991-08-01,93.6,1991-08-24,137.42,1991-07-31,19.65,1991-07-31
1991-08-31,92.5,1991-09-24,96.0,1991-09-01,93.5,1991-09-24,136.85,1991-08-31,20.53,1991-08-31
1991-09-30,92.9,1991-10-24,96.5,1991-10-01,93.9,1991-10-24,132.85,1991-09-30,21.43,1991-09-30
1991-10-31,93.2,1991-11-24,96.6,1991-11-01,94.2,1991-11-24,130.6,1991-10-31,22.0,1991-10-31
1991-11-30,93.4,1991-12-24,96.7,1991-12-01,94.4,1991-12-24,130.08,1991-11-30,20.08,1991-11-30
1991-12-31,93.6,1992-01-24,96.9,1992-01-01,94.6,1992-01-24,124.9,1991-12-31,17.75,1991-12-31
1992-01-31,93.3,1992-02-24,96.8,1992-02-01,94.3,1992-02-24,125.55,1992-01-31,18.15,1992-01-31
1992-02-29,93.3,1992-03-24,96.8,1992-03-01,94.4,1992-03-24,129.15,1992-02-29,17.45,1992-02-29
1992-03-31,93.6,1992-04-24,97.3,1992-04-01,94.7,1992-04-24,132.92,1992-03-31,19.09,1992-03-31
1992-04-30,94.5,1992-05-24,98.0,1992-05-01,95.6,1992-05-24,133.3,1992-04-30,19.65,1992-04-30
1992-05-31,94.8,1992-06-24,98.2,1992-06-01,96.0,1992-06-24,127.75,1992-05-31,20.7,1992-05-31
1992-06-30,94.9,1992-07-24,98.4,1992-07-01,96.1,1992-07-24,125.87,1992-06-30,20.6,1992-06-30
1992-07-31,94.6,1992-08-24,98.2,1992-08-01,95.8,1992-08-24,127.35,1992-07-31,20.38,1992-07-31
1992-08-31,94.5,1992-09-24,98.3,1992-09-01,95.7,1992-09-24,122.95,1992-08-31,19.65,1992-08-31
1992-09-30,95.0,1992-10-24,98.8,1992-10-01,96.2,1992-10-24,120.0,1992-09-30,20.18,1992-09-30
1992-10-31,95.2,1992-11-24,98.8,1992-11-01,96.4,1992-11-24,123.3,1992-10-31,19.13,1992-10-31
1992-11-30,95.4,1992-12-24,98.8,1992-12-01,96.6,1992-12-24,124.42,1992-11-30,19.25,1992-11-30
1992-12-31,95.4,1993-01-24,98.8,1993-01-01,96.6,1993-01-24,124.85,1992-12-31,17.85,1992-12-31
1993-01-31,94.9,1993-02-24,98.3,1993-02-01,96.1,1993-02-24,124.97,1993-01-31,18.48,1993-01-31
1993-02-28,94.9,1993-03-24,98.3,1993-03-01,96.1,1993-03-24,118.1,1993-02-28,18.83,1993-02-28
1993-03-31,95.2,1993-04-24,98.8,1993-04-01,96.4,1993-04-24,114.9,1993-03-31,18.7,1993-03-31
1993-04-30,95.8,1993-05-24,99.3,1993-05-01,97.0,1993-05-24,111.27,1993-04-30,18.85,1993-04-30
1993-05-31,96.0,1993-06-24,99.7,1993-06-01,97.3,1993-06-24,107.17,1993-05-31,18.43,1993-05-31
1993-06-30,96.1,1993-07-24,99.7,1993-07-01,97.4,1993-07-24,106.8,1993-06-30,17.43,1993-06-30
1993-07-31,95.8,1993-08-24,99.6,1993-08-01,97.1,1993-08-24,105.05,1993-07-31,16.85,1993-07-31
1993-08-31,95.7,1993-09-24,99.4,1993-09-01,97.0,1993-09-24,104.73,1993-08-31,16.73,1993-08-31
1993-09-30,96.1,1993-10-24,99.8,1993-10-01,97.4,1993-10-24,106.05,1993-09-30,17.23,1993-09-30
1993-10-31,96.3,1993-11-24,100.0,1993-11-01,97.6,1993-11-24,108.35,1993-10-31,15.43,1993-10-31
1993-11-30,96.3,1993-12-24,99.9,1993-12-01,97.6,1993-12-24,109.08,1993-11-30,14.23,1993-11-30
1993-12-31,96.2,1994-01-24,99.9,1994-01-01,97.6,1994-01-24,111.7,1993-12-31,13.18,1993-12-31
1994-01-31,95.8,1994-02-24,99.4,1994-02-01,97.2,1994-02-24,108.72,1994-01-31,14.83,1994-01-31
1994-02-28,95.7,1994-03-24,99.3,1994-03-01,97.1,1994-03-24,104.22,1994-02-28,13.59,1994-02-28
1994-03-31,96.1,1994-04-24,99.7,1994-04-01,97.5,1994-04-24,102.4,1994-03-31,13.25,1994-03-31
1994-04-30,96.7,1994-05-24,100.1,1994-05-01,98.1,1994-05-24,102.05,1994-04-30,15.35,1994-04-30
1994-05-31,97.0,1994-06-24,100.5,1994-06-01,98.5,1994-06-24,104.74,1994-05-31,16.18,1994-05-31
1994-06-30,96.9,1994-07-24,100.6,1994-07-01,98.4,1994-07-24,98.51,1994-06-30,17.45,1994-06-30
1994-07-31,96.5,1994-08-24,100.2,1994-08-01,98.0,1994-08-24,100.05,1994-07-31,18.48,1994-07-31
1994-08-31,96.4,1994-09-24,100.1,1994-09-01,97.9,1994-09-24,100.11,1994-08-31,16.03,1994-08-31
1994-09-30,96.6,1994-10-24,100.3,1994-10-01,98.1,1994-10-24,99.05,1994-09-30,16.73,1994-09-30
1994-10-31,96.7,1994-11-24,100.5,1994-11-01,98.2,1994-11-24,96.9,1994-10-31,17.18,1994-10-31
1994-11-30,96.7,1994-12-24,100.4,1994-12-01,98.2,1994-12-24,98.91,1994-11-30,16.95,1994-11-30
1994-12-31,96.6,1995-01-24,100.2,1995-01-01,98.1,1995-01-24,99.6,1994-12-31,16.23,1994-12-31
1995-01-31,96.3,1995-02-24,99.8,1995-02-01,97.8,1995-02-24,99.43,1995-01-31,16.8,1995-01-31
1995-02-28,96.1,1995-03-24,99.7,1995-03-01,97.6,1995-03-24,96.6,1995-02-28,17.23,1995-02-28
1995-03-31,96.3,1995-04-24,99.9,1995-04-01,97.8,1995-04-24,86.85,1995-03-31,17.98,1995-03-31
1995-04-30,96.6,1995-05-24,100.1,1995-05-01,98.2,1995-05-24,84.04,1995-04-30,18.98,1995-04-30
1995-05-31,96.7,1995-06-24,100.2,1995-06-01,98.3,1995-06-24,84.65,1995-05-31,17.58,1995-05-31
1995-06-30,96.6,1995-07-24,100.0,1995-07-01,98.2,1995-07-24,84.78,1995-06-30,16.58,1995-06-30
1995-07-31,96.3,1995-08-24,99.7,1995-08-01,97.9,1995-08-24,88.34,1995-07-31,15.78,1995-07-31
1995-08-31,96.2,1995-09-24,99.7,1995-09-01,97.8,1995-09-24,97.75,1995-08-31,16.2,1995-08-31
1995-09-30,96.7,1995-10-24,100.3,1995-10-01,98.3,1995-10-24,99.1,1995-09-30,16.58,1995-09-30
1995-10-31,96.8,1995-11-24,100.2,1995-11-01,98.5,1995-11-24,102.26,1995-10-31,16.58,1995-10-31
1995-11-30,96.7,1995-12-24,100.2,1995-12-01,98.4,1995-12-24,101.8,1995-11-30,17.13,1995-11-30
1995-12-31,96.7,1996-01-24,100.1,1996-01-01,98.4,1996-01-24,103.28,1995-12-31,18.65,1995-12-31
1996-01-31,96.1,1996-02-24,99.7,1996-02-01,97.9,1996-02-24,106.95,1996-01-31,16.63,1996-01-31
1996-02-29,96.1,1996-03-24,99.7,1996-03-01,97.9,1996-03-24,105.12,1996-02-29,18.8,1996-02-29
1996-03-31,96.3,1996-04-24,99.9,1996-04-01,98.1,1996-04-24,107.0,1996-03-31,20.33,1996-03-31
1996-04-30,96.7,1996-05-24,100.1,1996-05-01,98.5,1996-05-24,104.63,1996-04-30,19.5,1996-04-30
1996-05-31,96.8,1996-06-24,100.2,1996-06-01,98.6,1996-06-24,107.99,1996-05-31,18.1,1996-05-31
1996-06-30,96.8,1996-07-24,100.1,1996-07-01,98.6,1996-07-24,109.48,1996-06-30,19.28,1996-06-30
1996-07-31,96.6,1996-08-24,99.9,1996-08-01,98.4,1996-08-24,106.77,1996-07-31,19.0,1996-07-31
1996-08-31,96.4,1996-09-24,99.7,1996-09-01,98.2,1996-09-24,108.7,1996-08-31,20.98,1996-08-31
1996-09-30,96.9,1996-10-24,100.0,1996-10-01,98.7,1996-10-24,111.65,1996-09-30,24.15,1996-09-30
1996-10-31,97.0,1996-11-24,100.1,1996-11-01,98.8,1996-11-24,113.79,1996-10-31,22.8,1996-10-31
1996-11-30,97.1,1996-12-24,100.1,1996-12-01,98.9,1996-12-24,113.88,1996-11-30,23.17,1996-11-30
1996-12-31,97.0,1997-01-24,100.0,1997-01-01,98.8,1997-01-24,115.77,1996-12-31,23.9,1996-12-31
1997-01-31,96.6,1997-02-24,99.8,1997-02-01,98.3,1997-02-24,121.25,1997-01-31,23.28,1997-01-31
1997-02-28,96.5,1997-03-24,99.8,1997-03-01,98.2,1997-03-24,120.83,1997-02-28,19.44,1997-02-28
1997-03-31,96.8,1997-04-24,100.0,1997-04-01,98.5,1997-04-24,123.72,1997-03-31,18.53,1997-03-31
1997-04-30,98.6,1997-05-24,101.5,1997-05-01,100.4,1997-05-24,127.03,1997-04-30,18.25,1997-04-30
1997-05-31,98.8,1997-06-24,101.8,1997-06-01,100.6,1997-06-24,116.4,1997-05-31,18.99,1997-05-31
1997-06-30,98.7,1997-07-24,101.7,1997-07-01,100.5,1997-07-24,114.61,1997-06-30,18.22,1997-06-30
1997-07-31,98.6,1997-08-24,101.5,1997-08-01,100.3,1997-08-24,118.37,1997-07-31,18.94,1997-07-31
1997-08-31,98.5,1997-09-24,101.5,1997-09-01,100.2,1997-09-24,120.65,1997-08-31,17.98,1997-08-31
1997-09-30,99.2,1997-10-24,102.3,1997-10-01,100.9,1997-10-24,120.71,1997-09-30,19.96,1997-09-30
1997-10-31,99.3,1997-11-24,102.3,1997-11-01,101.1,1997-11-24,120.39,1997-10-31,19.42,1997-10-31
1997-11-30,99.2,1997-12-24,102.3,1997-12-01,101.0,1997-12-24,127.74,1997-11-30,18.96,1997-11-30
1997-12-31,99.1,1998-01-24,102.2,1998-01-01,100.9,1998-01-24,130.45,1997-12-31,15.86,1997-12-31
1998-01-31,98.6,1998-02-24,101.7,1998-02-01,100.4,1998-02-24,127.1,1998-01-31,15.59,1998-01-31
1998-02-28,98.3,1998-03-24,101.5,1998-03-01,100.2,1998-03-24,126.12,1998-02-28,13.53,1998-02-28
1998-03-31,98.6,1998-04-24,101.7,1998-04-01,100.6,1998-04-24,133.29,1998-03-31,13.87,1998-03-31
1998-04-30,98.8,1998-05-24,102.0,1998-05-01,100.9,1998-05-24,132.37,1998-04-30,13.79,1998-04-30
1998-05-31,98.8,1998-06-24,102.1,1998-06-01,100.9,1998-06-24,138.5,1998-05-31,14.03,1998-05-31
1998-06-30,98.7,1998-07-24,102.0,1998-07-01,100.8,1998-07-24,138.29,1998-06-30,11.84,1998-06-30
1998-07-31,98.5,1998-08-24,101.6,1998-08-01,100.6,1998-08-24,144.65,1998-07-31,12.63,1998-07-31
1998-08-31,98.4,1998-09-24,101.6,1998-09-01,100.5,1998-09-24,140.9,1998-08-31,12.06,1998-08-31
1998-09-30,98.7,1998-10-24,102.0,1998-10-01,100.8,1998-10-24,136.59,1998-09-30,14.71,1998-09-30
1998-10-31,98.9,1998-11-24,102.1,1998-11-01,101.0,1998-11-24,116.45,1998-10-31,12.0,1998-10-31
1998-11-30,98.9,1998-12-24,102.1,1998-12-01,101.1,1998-12-24,123.21,1998-11-30,9.91,1998-11-30
1998-12-31,98.8,1999-01-24,102.1,1999-01-01,100.9,1999-01-24,113.08,1998-12-31,10.54,1998-12-31
1999-01-31,98.5,1999-02-24,101.6,1999-02-01,100.6,1999-02-24,116.0,1999-01-31,11.34,1999-01-31
1999-02-28,98.2,1999-03-24,101.4,1999-03-01,100.3,1999-03-24,118.7,1999-02-28,10.58,1999-02-28
1999-03-31,98.5,1999-04-24,101.5,1999-04-01,100.6,1999-04-24,118.43,1999-03-31,15.02,1999-03-31
1999-04-30,98.7,1999-05-24,101.8,1999-05-01,100.9,1999-05-24,119.43,1999-04-30,16.45,1999-04-30
1999-05-31,98.8,1999-06-24,101.9,1999-06-01,101.0,1999-06-24,120.88,1999-05-31,14.75,1999-05-31
1999-06-30,98.7,1999-07-24,101.9,1999-07-01,100.9,1999-07-24,120.94,1999-06-30,16.97,1999-06-30
1999-07-31,98.5,1999-08-24,101.5,1999-08-01,100.6,1999-08-24,114.7,1999-07-31,19.97,1999-07-31
1999-08-31,98.4,1999-09-24,101.5,1999-09-01,100.6,1999-09-24,109.3,1999-08-31,21.08,1999-08-31
1999-09-30,98.7,1999-10-24,102.0,1999-10-01,100.9,1999-10-24,106.82,1999-09-30,22.98,1999-09-30
1999-10-31,98.8,1999-11-24,101.9,1999-11-01,100.9,1999-11-24,104.29,1999-10-31,21.11,1999-10-31
1999-11-30,98.7,1999-12-24,101.8,1999-12-01,100.8,1999-12-24,101.8,1999-11-30,25.2,1999-11-30
1999-12-31,98.7,2000-01-24,101.7,2000-01-01,100.8,2000-01-24,102.16,1999-12-31,24.93,1999-12-31
2000-01-31,98.3,2000-02-24,101.2,2000-02-01,100.3,2000-02-24,107.33,2000-01-31,27.08,2000-01-31
2000-02-29,98.1,2000-03-24,101.0,2000-03-01,100.1,2000-03-24,109.88,2000-02-29,29.01,2000-02-29
2000-03-31,98.3,2000-04-24,101.2,2000-04-01,100.3,2000-04-24,102.73,2000-03-31,23.98,2000-03-31
2000-04-30,98.5,2000-05-24,101.4,2000-05-01,100.4,2000-05-24,107.98,2000-04-30,23.79,2000-04-30
2000-05-31,98.7,2000-06-24,101.5,2000-06-01,100.6,2000-06-24,107.74,2000-05-31,29.64,2000-05-31
2000-06-30,98.5,2000-07-24,101.0,2000-07-01,100.4,2000-07-24,106.14,2000-06-30,31.58,2000-06-30
2000-07-31,98.3,2000-08-24,100.9,2000-08-01,100.1,2000-08-24,109.68,2000-07-31,25.3,2000-07-31
2000-08-31,98.4,2000-09-24,101.1,2000-09-01,100.2,2000-09-24,106.66,2000-08-31,35.08,2000-08-31
2000-09-30,98.3,2000-10-24,101.0,2000-10-01,100.1,2000-10-24,107.9,2000-09-30,28.42,2000-09-30
2000-10-31,98.1,2000-11-24,100.7,2000-11-01,100.0,2000-11-24,109.15,2000-10-31,30.15,2000-10-31
2000-11-30,98.1,2000-12-24,100.5,2000-12-01,99.9,2000-12-24,110.93,2000-11-30,32.53,2000-11-30
2000-12-31,98.1,2001-01-24,100.5,2001-01-01,99.9,2001-01-24,114.35,2000-12-31,22.58,2000-12-31
2001-01-31,97.5,2001-02-24,100.0,2001-02-01,99.3,2001-02-24,116.39,2001-01-31,26.59,2001-01-31
2001-02-28,97.3,2001-03-24,99.6,2001-03-01,99.1,2001-03-24,117.28,2001-02-28,25.16,2001-02-28
2001-03-31,97.4,2001-04-24,99.7,2001-04-01,99.2,2001-04-24,125.54,2001-03-31,23.5,2001-03-31
2001-04-30,97.7,2001-05-24,100.0,2001-05-01,99.5,2001-05-24,123.57,2001-04-30,27.21,2001-04-30
2001-05-31,97.7,2001-06-24,100.1,2001-06-01,99.5,2001-06-24,118.88,2001-05-31,28.55,2001-05-31
2001-06-30,97.6,2001-07-24,99.9,2001-07-01,99.4,2001-07-24,124.73,2001-06-30,26.21,2001-06-30
2001-07-31,97.4,2001-08-24,99.8,2001-08-01,99.2,2001-08-24,125.0,2001-07-31,24.35,2001-07-31
2001-08-31,97.5,2001-09-24,99.9,2001-09-01,99.3,2001-09-24,118.75,2001-08-31,26.8,2001-08-31
2001-09-30,97.5,2001-10-24,99.8,2001-10-01,99.3,2001-10-24,119.23,2001-09-30,21.87,2001-09-30
2001-10-31,97.4,2001-11-24,99.7,2001-11-01,99.2,2001-11-24,122.54,2001-10-31,19.63,2001-10-31
2001-11-30,97.3,2001-12-24,99.5,2001-12-01,99.1,2001-12-24,123.22,2001-11-30,18.92,2001-11-30
2001-12-31,97.2,2002-01-24,99.5,2002-01-01,99.0,2002-01-24,131.04,2001-12-31,19.35,2001-12-31
2002-01-31,96.7,2002-02-24,98.8,2002-02-01,98.5,2002-02-24,134.06,2002-01-31,19.07,2002-01-31
2002-02-28,96.5,2002-03-24,98.7,2002-03-01,98.3,2002-03-24,133.96,2002-02-28,20.73,2002-02-28
2002-03-31,96.7,2002-04-24,99.0,2002-04-01,98.6,2002-04-24,132.7,2002-03-31,25.34,2002-03-31
2002-04-30,96.8,2002-05-24,98.9,2002-05-01,98.7,2002-05-24,128.45,2002-04-30,26.98,2002-04-30
2002-05-31,96.9,2002-06-24,99.0,2002-06-01,98.8,2002-06-24,124.13,2002-05-31,23.87,2002-05-31
2002-06-30,96.8,2002-07-24,98.9,2002-07-01,98.7,2002-07-24,119.85,2002-06-30,25.33,2002-06-30
2002-07-31,96.6,2002-08-24,98.8,2002-08-01,98.5,2002-08-24,119.77,2002-07-31,26.28,2002-07-31
2002-08-31,96.6,2002-09-24,99.0,2002-09-01,98.5,2002-09-24,118.76,2002-08-31,27.56,2002-08-31
2002-09-30,96.6,2002-10-24,98.9,2002-10-01,98.6,2002-10-24,121.74,2002-09-30,29.11,2002-09-30
2002-10-31,96.5,2002-11-24,98.9,2002-11-01,98.5,2002-11-24,122.78,2002-10-31,25.51,2002-10-31
2002-11-30,96.5,2002-12-24,98.8,2002-12-01,98.5,2002-12-24,122.72,2002-11-30,25.74,2002-11-30
2002-12-31,96.5,2003-01-24,98.8,2003-01-01,98.5,2003-01-24,118.75,2002-12-31,30.12,2002-12-31
2003-01-31,95.9,2003-02-24,98.2,2003-02-01,97.8,2003-02-24,119.96,2003-01-31,31.57,2003-01-31
2003-02-28,95.8,2003-03-24,98.0,2003-03-01,97.7,2003-03-24,118.22,2003-02-28,34.0,2003-02-28
2003-03-31,96.1,2003-04-24,98.3,2003-04-01,98.0,2003-04-24,118.07,2003-03-31,28.05,2003-03-31
2003-04-30,96.4,2003-05-24,98.5,2003-05-01,98.2,2003-05-24,119.07,2003-04-30,23.6,2003-04-30
2003-05-31,96.5,2003-06-24,98.6,2003-06-01,98.4,2003-06-24,119.5,2003-05-31,26.58,2003-05-31
2003-06-30,96.4,2003-07-24,98.5,2003-07-01,98.3,2003-07-24,119.87,2003-06-30,28.88,2003-06-30
2003-07-31,96.4,2003-08-24,98.4,2003-08-01,98.3,2003-08-24,120.42,2003-07-31,28.68,2003-07-31
2003-08-31,96.5,2003-09-24,98.7,2003-09-01,98.4,2003-09-24,116.71,2003-08-31,30.38,2003-08-31
2003-09-30,96.5,2003-10-24,98.6,2003-10-01,98.4,2003-10-24,111.43,2003-09-30,28.09,2003-09-30
2003-10-31,96.6,2003-11-24,98.8,2003-11-01,98.5,2003-11-24,110.1,2003-10-31,27.88,2003-10-31
2003-11-30,96.4,2003-12-24,98.6,2003-12-01,98.3,2003-12-24,109.53,2003-11-30,28.95,2003-11-30
2003-12-31,96.5,2004-01-24,98.7,2004-01-01,98.4,2004-01-24,107.13,2003-12-31,30.3,2003-12-31
2004-01-31,95.8,2004-02-24,97.9,2004-02-01,97.7,2004-02-24,105.84,2004-01-31,29.53,2004-01-31
2004-02-29,95.8,2004-03-24,97.8,2004-03-01,97.7,2004-03-24,109.26,2004-02-29,32.94,2004-02-29
2004-03-31,96.0,2004-04-24,98.2,2004-04-01,97.9,2004-04-24,104.18,2004-03-31,32.29,2004-03-31
2004-04-30,96.2,2004-05-24,98.4,2004-05-01,98.1,2004-05-24,110.37,2004-04-30,35.23,2004-04-30
2004-05-31,96.2,2004-06-24,98.5,2004-06-01,98.1,2004-06-24,110.18,2004-05-31,37.0,2004-05-31
2004-06-30,96.3,2004-07-24,98.4,2004-07-01,98.1,2004-07-24,109.43,2004-06-30,33.22,2004-06-30
2004-07-31,96.2,2004-08-24,98.3,2004-08-01,97.9,2004-08-24,111.39,2004-07-31,41.47,2004-07-31
2004-08-31,96.3,2004-09-24,98.5,2004-09-01,98.0,2004-09-24,109.0,2004-08-31,39.8,2004-08-31
2004-09-30,96.5,2004-10-24,98.5,2004-10-01,98.1,2004-10-24,110.2,2004-09-30,47.76,2004-09-30
2004-10-31,96.5,2004-11-24,98.5,2004-11-01,98.1,2004-11-24,106.04,2004-10-31,48.16,2004-10-31
2004-11-30,96.2,2004-12-24,98.3,2004-12-01,97.8,2004-12-24,103.04,2004-11-30,44.23,2004-11-30
2004-12-31,96.3,2005-01-24,98.3,2005-01-01,97.9,2005-01-24,102.68,2004-12-31,40.38,2004-12-31
2005-01-31,95.9,2005-02-24,97.7,2005-02-01,97.4,2005-02-24,103.55,2005-01-31,44.51,2005-01-31
2005-02-28,95.6,2005-03-24,97.5,2005-03-01,97.2,2005-03-24,104.25,2005-02-28,50.13,2005-02-28
2005-03-31,95.9,2005-04-24,97.8,2005-04-01,97.5,2005-04-24,107.22,2005-03-31,53.22,2005-03-31
2005-04-30,96.2,2005-05-24,98.0,2005-05-01,97.6,2005-05-24,104.64,2005-04-30,50.61,2005-04-30
2005-05-31,96.3,2005-06-24,98.2,2005-06-01,97.7,2005-06-24,107.97,2005-05-31,49.3,2005-05-31
2005-06-30,96.1,2005-07-24,98.0,2005-07-01,97.6,2005-07-24,110.91,2005-06-30,55.36,2005-06-30
2005-07-31,96.0,2005-08-24,97.8,2005-08-01,97.4,2005-08-24,112.25,2005-07-31,59.77,2005-07-31
2005-08-31,96.1,2005-09-24,98.0,2005-09-01,97.4,2005-09-24,110.84,2005-08-31,66.8,2005-08-31
2005-09-30,96.3,2005-10-24,98.1,2005-10-01,97.6,2005-10-24,113.29,2005-09-30,61.7,2005-09-30
2005-10-31,96.4,2005-11-24,98.1,2005-11-01,97.6,2005-11-24,116.36,2005-10-31,58.47,2005-10-31
2005-11-30,96.1,2005-12-24,97.9,2005-12-01,97.3,2005-12-24,119.66,2005-11-30,53.25,2005-11-30
2005-12-31,96.1,2006-01-24,97.8,2006-01-01,97.4,2006-01-24,117.88,2005-12-31,58.34,2005-12-31
2006-01-31,95.8,2006-02-24,97.3,2006-02-01,96.8,2006-02-24,116.88,2006-01-31,63.19,2006-01-31
2006-02-28,95.6,2006-03-24,97.3,2006-03-01,96.6,2006-03-24,115.82,2006-02-28,59.78,2006-02-28
2006-03-31,96.0,2006-04-24,97.7,2006-04-01,96.9,2006-04-24,117.48,2006-03-31,66.06,2006-03-31
2006-04-30,96.1,2006-05-24,97.9,2006-05-01,97.1,2006-05-24,113.79,2006-04-30,72.15,2006-04-30
2006-05-31,96.3,2006-06-24,98.1,2006-06-01,97.2,2006-06-24,112.26,2006-05-31,67.57,2006-05-31
2006-06-30,96.3,2006-07-24,98.0,2006-07-01,97.2,2006-07-24,114.51,2006-06-30,73.2,2006-06-30
2006-07-31,96.2,2006-08-24,97.8,2006-08-01,97.1,2006-08-24,114.44,2006-07-31,74.75,2006-07-31
2006-08-31,96.4,2006-09-24,98.0,2006-09-01,97.1,2006-09-24,117.35,2006-08-31,67.66,2006-08-31
2006-09-30,96.5,2006-10-24,98.1,2006-10-01,97.3,2006-10-24,117.99,2006-09-30,59.09,2006-09-30
2006-10-31,96.5,2006-11-24,98.2,2006-11-01,97.3,2006-11-24,116.82,2006-10-31,56.13,2006-10-31
2006-11-30,96.3,2006-12-24,98.1,2006-12-01,97.2,2006-12-24,115.55,2006-11-30,64.36,2006-11-30
2006-12-31,96.2,2007-01-24,98.0,2007-01-01,97.2,2007-01-24,119.02,2006-12-31,58.96,2006-12-31
2007-01-31,95.8,2007-02-24,97.5,2007-02-01,96.7,2007-02-24,121.02,2007-01-31,56.52,2007-01-31
2007-02-28,95.5,2007-03-24,97.3,2007-03-01,96.5,2007-03-24,118.33,2007-02-28,59.39,2007-02-28
2007-03-31,95.7,2007-04-24,97.6,2007-04-01,96.8,2007-04-24,117.56,2007-03-31,68.47,2007-03-31
2007-04-30,96.0,2007-05-24,97.9,2007-05-01,97.0,2007-05-24,119.44,2007-04-30,67.23,2007-04-30
2007-05-31,96.2,2007-06-24,98.1,2007-06-01,97.1,2007-06-24,121.76,2007-05-31,68.18,2007-05-31
2007-06-30,96.2,2007-07-24,97.9,2007-07-01,97.0,2007-07-24,123.39,2007-06-30,72.22,2007-06-30
2007-07-31,96.1,2007-08-24,97.7,2007-08-01,96.9,2007-08-24,119.13,2007-07-31,77.01,2007-07-31
2007-08-31,96.3,2007-09-24,98.0,2007-09-01,97.0,2007-09-24,115.83,2007-08-31,72.29,2007-08-31
2007-09-30,96.4,2007-10-24,98.0,2007-10-01,97.1,2007-10-24,114.97,2007-09-30,80.97,2007-09-30
2007-10-31,96.6,2007-11-24,98.2,2007-11-01,97.2,2007-11-24,115.27,2007-10-31,89.87,2007-10-31
2007-11-30,96.7,2007-12-24,98.2,2007-12-01,97.2,2007-12-24,111.02,2007-11-30,88.71,2007-11-30
2007-12-31,97.0,2008-01-24,98.3,2008-01-01,97.3,2008-01-24,111.71,2007-12-31,93.68,2007-12-31
2008-01-31,96.6,2008-02-24,97.9,2008-02-01,96.9,2008-02-24,106.74,2008-01-31,91.58,2008-01-31
2008-02-29,96.5,2008-03-24,97.7,2008-03-01,96.8,2008-03-24,104.19,2008-02-29,100.9,2008-02-29
2008-03-31,96.9,2008-04-24,98.2,2008-04-01,97.2,2008-04-24,99.85,2008-03-31,102.33,2008-03-31
2008-04-30,96.9,2008-05-24,98.5,2008-05-01,97.5,2008-05-24,104.53,2008-04-30,111.12,2008-04-30
2008-05-31,97.6,2008-06-24,98.9,2008-06-01,97.7,2008-06-24,105.46,2008-05-31,127.85,2008-05-31
2008-06-30,98.0,2008-07-24,99.1,2008-07-01,97.8,2008-07-24,106.17,2008-06-30,138.4,2008-06-30
2008-07-31,98.4,2008-08-24,99.2,2008-08-01,97.8,2008-08-24,108.1,2008-07-31,124.1,2008-07-31
2008-08-31,98.6,2008-09-24,99.4,2008-09-01,98.0,2008-09-24,108.69,2008-08-31,113.49,2008-08-31
2008-09-30,98.6,2008-10-24,99.6,2008-10-01,98.2,2008-10-24,105.94,2008-09-30,93.52,2008-09-30
2008-10-31,98.4,2008-11-24,99.6,2008-11-01,98.3,2008-11-24,98.28,2008-10-31,60.0,2008-10-31
2008-11-30,97.6,2008-12-24,99.2,2008-12-01,98.2,2008-12-24,95.46,2008-11-30,47.72,2008-11-30
2008-12-31,97.2,2009-01-24,99.0,2009-01-01,98.1,2009-01-24,90.79,2008-12-31,35.82,2008-12-31
2009-01-31,96.6,2009-02-24,98.4,2009-02-01,97.6,2009-02-24,89.83,2009-01-31,44.17,2009-01-31
2009-02-28,96.5,2009-03-24,98.3,2009-03-01,97.4,2009-03-24,97.74,2009-02-28,44.41,2009-02-28
2009-03-31,96.8,2009-04-24,98.5,2009-04-01,97.6,2009-04-24,99.15,2009-03-31,46.13,2009-03-31
2009-04-30,96.8,2009-05-24,98.5,2009-05-01,97.6,2009-05-24,98.76,2009-04-30,50.3,2009-04-30
2009-05-31,96.6,2009-06-24,98.3,2009-06-01,97.6,2009-06-24,95.55,2009-05-31,64.98,2009-05-31
2009-06-30,96.4,2009-07-24,97.9,2009-07-01,97.5,2009-07-24,96.42,2009-06-30,68.11,2009-06-30
2009-07-31,96.2,2009-08-24,97.6,2009-08-01,97.3,2009-08-24,94.54,2009-07-31,70.08,2009-07-31
2009-08-31,96.2,2009-09-24,97.6,2009-09-01,97.3,2009-09-24,92.82,2009-08-31,69.02,2009-08-31
2009-09-30,96.3,2009-10-24,97.6,2009-10-01,97.4,2009-10-24,89.49,2009-09-30,65.82,2009-09-30
2009-10-31,96.2,2009-11-24,97.5,2009-11-01,97.3,2009-11-24,90.5,2009-10-31,74.91,2009-10-31
2009-11-30,96.0,2009-12-24,97.4,2009-12-01,97.2,2009-12-24,86.12,2009-11-30,77.77,2009-11-30
2009-12-31,95.9,2010-01-24,97.2,2010-01-01,97.0,2010-01-24,93.08,2009-12-31,77.91,2009-12-31
2010-01-31,95.6,2010-02-24,96.6,2010-02-01,96.6,2010-02-24,90.38,2010-01-31,71.2,2010-01-31
2010-02-28,95.6,2010-03-24,96.7,2010-03-01,96.4,2010-03-24,88.84,2010-02-28,76.36,2010-02-28
2010-03-31,95.8,2010-04-24,97.0,2010-04-01,96.6,2010-04-24,93.4,2010-03-31,80.37,2010-03-31
2010-04-30,95.7,2010-05-24,97.0,2010-05-01,96.4,2010-05-24,94.24,2010-04-30,86.19,2010-04-30
2010-05-31,95.7,2010-06-24,96.9,2010-06-01,96.2,2010-06-24,90.81,2010-05-31,73.0,2010-05-31
2010-06-30,95.5,2010-07-24,96.7,2010-07-01,96.1,2010-07-24,88.49,2010-06-30,74.94,2010-06-30
2010-07-31,95.1,2010-08-24,96.2,2010-08-01,95.7,2010-08-24,86.43,2010-07-31,77.5,2010-07-31
2010-08-31,95.1,2010-09-24,96.5,2010-09-01,95.7,2010-09-24,84.1,2010-08-31,75.51,2010-08-31
2010-09-30,95.1,2010-10-24,96.5,2010-10-01,95.7,2010-10-24,83.53,2010-09-30,80.77,2010-09-30
2010-10-31,95.4,2010-11-24,96.9,2010-11-01,96.0,2010-11-24,80.48,2010-10-31,82.47,2010-10-31
2010-11-30,95.2,2010-12-24,96.7,2010-12-01,95.8,2010-12-24,83.56,2010-11-30,86.02,2010-11-30
2010-12-31,95.1,2011-01-24,96.5,2011-01-01,95.7,2011-01-24,81.67,2010-12-31,93.23,2010-12-31
2011-01-31,94.8,2011-02-24,95.9,2011-02-01,95.3,2011-02-24,81.97,2011-01-31,98.97,2011-01-31
2011-02-28,94.8,2011-03-24,95.9,2011-03-01,95.3,2011-03-24,81.94,2011-02-28,112.27,2011-02-28
2011-03-31,95.2,2011-04-24,96.2,2011-04-01,95.4,2011-04-24,82.76,2011-03-31,116.94,2011-03-31
2011-04-30,95.4,2011-05-24,96.6,2011-05-01,95.6,2011-05-24,81.31,2011-04-30,126.59,2011-04-30
2011-05-31,95.5,2011-06-24,96.6,2011-06-01,95.6,2011-06-24,81.29,2011-05-31,117.18,2011-05-31
2011-06-30,95.3,2011-07-24,96.3,2011-07-01,95.4,2011-07-24,80.64,2011-06-30,111.71,2011-06-30
2011-07-31,95.2,2011-08-24,96.2,2011-08-01,95.3,2011-08-24,77.18,2011-07-31,115.93,2011-07-31
2011-08-31,95.3,2011-09-24,96.3,2011-09-01,95.3,2011-09-24,76.5,2011-08-31,116.48,2011-08-31
2011-09-30,95.3,2011-10-24,96.4,2011-10-01,95.4,2011-10-24,77.04,2011-09-30,105.42,2011-09-30
2011-10-31,95.3,2011-11-24,96.5,2011-11-01,95.4,2011-11-24,77.97,2011-10-31,108.43,2011-10-31
2011-11-30,95.0,2011-12-24,96.2,2011-12-01,95.1,2011-12-24,77.58,2011-11-30,111.22,2011-11-30
2011-12-31,95.0,2012-01-24,96.2,2012-01-01,95.0,2012-01-24,76.98,2011-12-31,108.09,2011-12-31
2012-01-31,94.8,2012-02-24,95.5,2012-02-01,94.8,2012-02-24,76.34,2012-01-31,110.26,2012-01-31
2012-02-29,94.9,2012-03-24,95.6,2012-03-01,94.9,2012-03-24,81.1,2012-02-29,122.23,2012-02-29
2012-03-31,95.4,2012-04-24,95.9,2012-04-01,95.2,2012-04-24,82.41,2012-03-31,123.41,2012-03-31
2012-04-30,95.6,2012-05-24,96.1,2012-05-01,95.3,2012-05-24,79.81,2012-04-30,118.66,2012-04-30
2012-05-31,95.4,2012-06-24,95.8,2012-06-01,95.2,2012-06-24,78.29,2012-05-31,103.86,2012-05-31
2012-06-30,95.1,2012-07-24,95.7,2012-07-01,95.0,2012-07-24,79.81,2012-06-30,94.17,2012-06-30
2012-07-31,94.9,2012-08-24,95.6,2012-08-01,94.9,2012-08-24,78.1,2012-07-31,105.93,2012-07-31
2012-08-31,95.1,2012-09-24,95.9,2012-09-01,94.9,2012-09-24,78.3,2012-08-31,113.93,2012-08-31
2012-09-30,95.3,2012-10-24,96.0,2012-10-01,94.9,2012-10-24,77.92,2012-09-30,111.36,2012-09-30
2012-10-31,95.3,2012-11-24,96.1,2012-11-01,94.9,2012-11-24,79.94,2012-10-31,109.89,2012-10-31
2012-11-30,95.0,2012-12-24,95.8,2012-12-01,94.7,2012-12-24,82.54,2012-11-30,110.84,2012-11-30
2012-12-31,94.8,2013-01-24,95.6,2013-01-01,94.5,2013-01-24,86.64,2012-12-31,110.8,2012-12-31
2013-01-31,94.5,2013-02-24,95.0,2013-02-01,94.2,2013-02-24,91.28,2013-01-31,115.55,2013-01-31
2013-02-28,94.6,2013-03-24,95.0,2013-03-01,94.2,2013-03-24,92.36,2013-02-28,112.2,2013-02-28
2013-03-31,94.9,2013-04-24,95.4,2013-04-01,94.5,2013-04-24,94.16,2013-03-31,108.46,2013-03-31
2013-04-30,95.2,2013-05-24,95.7,2013-05-01,94.8,2013-05-24,97.52,2013-04-30,101.53,2013-04-30
2013-05-31,95.4,2013-06-24,95.9,2013-06-01,94.8,2013-06-24,100.83,2013-05-31,100.43,2013-05-31
2013-06-30,95.4,2013-07-24,95.9,2013-07-01,94.8,2013-07-24,99.21,2013-06-30,102.49,2013-06-30
2013-07-31,95.5,2013-08-24,95.9,2013-08-01,94.8,2013-08-24,98.35,2013-07-31,107.89,2013-07-31
2013-08-31,95.8,2013-09-24,96.2,2013-09-01,94.9,2013-09-24,98.22,2013-08-31,115.97,2013-08-31
2013-09-30,95.9,2013-10-24,96.2,2013-10-01,94.9,2013-10-24,98.29,2013-09-30,107.85,2013-09-30
2013-10-31,96.1,2013-11-24,96.4,2013-11-01,95.2,2013-11-24,98.1,2013-10-31,107.53,2013-10-31
2013-11-30,96.1,2013-12-24,96.3,2013-12-01,95.2,2013-12-24,102.45,2013-11-30,111.07,2013-11-30
2013-12-31,96.0,2014-01-24,96.3,2014-01-01,95.2,2014-01-24,105.25,2013-12-31,109.95,2013-12-31
2014-01-31,95.8,2014-02-24,95.7,2014-02-01,94.9,2014-02-24,102.28,2014-01-31,108.16,2014-01-31
2014-02-28,95.9,2014-03-24,95.9,2014-03-01,95.0,2014-03-24,102.08,2014-02-28,108.98,2014-02-28
2014-03-31,96.2,2014-04-24,96.4,2014-04-01,95.3,2014-04-24,102.98,2014-03-31,105.95,2014-03-31
2014-04-30,98.3,2014-05-24,98.3,2014-05-01,97.3,2014-05-24,102.14,2014-04-30,108.63,2014-04-30
2014-05-31,98.6,2014-06-24,98.6,2014-06-01,97.4,2014-06-24,101.77,2014-05-31,109.21,2014-05-31
2014-06-30,98.6,2014-07-24,98.6,2014-07-01,97.4,2014-07-24,101.28,2014-06-30,111.03,2014-06-30
2014-07-31,98.7,2014-08-24,98.6,2014-08-01,97.4,2014-08-24,102.75,2014-07-31,104.94,2014-07-31
2014-08-31,98.8,2014-09-24,98.8,2014-09-01,97.5,2014-09-24,104.0,2014-08-31,101.12,2014-08-31
2014-09-30,98.8,2014-10-24,98.7,2014-10-01,97.5,2014-10-24,109.66,2014-09-30,94.67,2014-09-30
2014-10-31,98.9,2014-11-24,98.8,2014-11-01,97.7,2014-11-24,112.09,2014-10-31,84.17,2014-10-31
2014-11-30,98.6,2014-12-24,98.6,2014-12-01,97.6,2014-12-24,118.7,2014-11-30,71.89,2014-11-30
2014-12-31,98.5,2015-01-24,98.4,2015-01-01,97.6,2015-01-24,119.85,2014-12-31,55.27,2014-12-31
2015-01-31,98.0,2015-02-24,97.9,2015-02-01,97.4,2015-02-24,117.44,2015-01-31,47.52,2015-01-31
2015-02-28,97.9,2015-03-24,98.0,2015-03-01,97.4,2015-03-24,119.72,2015-02-28,61.89,2015-02-28
2015-03-31,98.3,2015-04-24,98.4,2015-04-01,97.7,2015-04-24,119.96,2015-03-31,53.69,2015-03-31
2015-04-30,98.7,2015-05-24,98.8,2015-05-01,98.1,2015-05-24,119.86,2015-04-30,63.9,2015-04-30
2015-05-31,98.8,2015-06-24,98.8,2015-06-01,98.2,2015-06-24,123.98,2015-05-31,63.16,2015-05-31
2015-06-30,98.7,2015-07-24,98.7,2015-07-01,98.2,2015-07-24,122.1,2015-06-30,60.31,2015-06-30
2015-07-31,98.6,2015-08-24,98.5,2015-08-01,98.2,2015-08-24,123.94,2015-07-31,53.29,2015-07-31
2015-08-31,98.6,2015-09-24,98.6,2015-09-01,98.4,2015-09-24,121.26,2015-08-31,47.97,2015-08-31
2015-09-30,98.6,2015-10-24,98.5,2015-10-01,98.6,2015-10-24,119.81,2015-09-30,47.29,2015-09-30
2015-10-31,98.6,2015-11-24,98.6,2015-11-01,98.7,2015-11-24,120.7,2015-10-31,48.0,2015-10-31
2015-11-30,98.6,2015-12-24,98.6,2015-12-01,98.7,2015-12-24,123.22,2015-11-30,43.73,2015-11-30
2015-12-31,98.5,2016-01-24,98.6,2016-01-01,98.7,2016-01-24,120.27,2015-12-31,36.61,2015-12-31
2016-01-31,98.0,2016-02-24,97.9,2016-02-01,98.3,2016-02-24,121.05,2016-01-31,33.14,2016-01-31
2016-02-29,97.9,2016-03-24,98.0,2016-03-01,98.4,2016-03-24,112.9,2016-02-29,35.92,2016-02-29
2016-03-31,98.0,2016-04-24,98.3,2016-04-01,98.6,2016-04-24,112.42,2016-03-31,36.75,2016-03-31
2016-04-30,98.3,2016-05-24,98.5,2016-05-01,98.9,2016-05-24,106.9,2016-04-30,45.64,2016-04-30
2016-05-31,98.4,2016-06-24,98.4,2016-06-01,98.9,2016-06-24,110.75,2016-05-31,49.26,2016-05-31
2016-06-30,98.3,2016-07-24,98.4,2016-07-01,98.9,2016-07-24,102.77,2016-06-30,48.05,2016-06-30
2016-07-31,98.1,2016-08-24,98.1,2016-08-01,98.7,2016-08-24,102.32,2016-07-31,40.76,2016-07-31
2016-08-31,98.1,2016-09-24,98.2,2016-09-01,98.8,2016-09-24,103.38,2016-08-31,47.94,2016-08-31
2016-09-30,98.1,2016-10-24,98.0,2016-10-01,98.8,2016-10-24,101.21,2016-09-30,48.24,2016-09-30
2016-10-31,98.3,2016-11-24,98.2,2016-11-01,99.0,2016-11-24,105.07,2016-10-31,46.2,2016-10-31
2016-11-30,98.3,2016-12-24,98.2,2016-12-01,98.9,2016-12-24,114.34,2016-11-30,47.95,2016-11-30
2016-12-31,98.3,2017-01-24,98.0,2017-01-01,98.8,2017-01-24,116.78,2016-12-31,54.96,2016-12-31
2017-01-31,98.1,2017-02-24,97.6,2017-02-01,98.5,2017-02-24,112.72,2017-01-31,55.25,2017-01-31
2017-02-28,98.1,2017-03-24,97.7,2017-03-01,98.5,2017-03-24,112.06,2017-02-28,53.36,2017-02-28
2017-03-31,98.3,2017-04-24,97.9,2017-04-01,98.6,2017-04-24,111.41,2017-03-31,52.2,2017-03-31
2017-04-30,98.6,2017-05-24,98.3,2017-05-01,98.9,2017-05-24,111.44,2017-04-30,49.46,2017-04-30
2017-05-31,98.8,2017-06-24,98.5,2017-06-01,99.0,2017-06-24,110.71,2017-05-31,49.4,2017-05-31
2017-06-30,98.7,2017-07-24,98.3,2017-07-01,98.9,2017-07-24,112.4,2017-06-30,47.08,2017-06-30
2017-07-31,98.6,2017-08-24,98.2,2017-08-01,98.8,2017-08-24,110.38,2017-07-31,51.99,2017-07-31
2017-08-31,98.8,2017-09-24,98.6,2017-09-01,99.0,2017-09-24,110.06,2017-08-31,52.69,2017-08-31
2017-09-30,98.8,2017-10-24,98.5,2017-10-01,99.0,2017-10-24,112.64,2017-09-30,57.02,2017-09-30
2017-10-31,99.1,2017-11-24,98.8,2017-11-01,99.2,2017-11-24,113.63,2017-10-31,61.35,2017-10-31
2017-11-30,99.2,2017-12-24,98.8,2017-12-01,99.2,2017-12-24,112.3,2017-11-30,63.53,2017-11-30
2017-12-31,99.2,2018-01-24,98.8,2018-01-01,99.2,2018-01-24,112.69,2017-12-31,66.73,2017-12-31
2018-01-31,98.9,2018-02-24,98.3,2018-02-01,98.9,2018-02-24,109.31,2018-01-31,67.78,2018-01-31
2018-02-28,99.1,2018-03-24,98.5,2018-03-01,99.0,2018-03-24,106.62,2018-02-28,66.08,2018-02-28
2018-03-31,99.1,2018-04-24,98.7,2018-04-01,99.0,2018-04-24,106.2,2018-03-31,69.02,2018-03-31
2018-04-30,99.3,2018-05-24,98.9,2018-05-01,99.2,2018-05-24,109.28,2018-04-30,75.92,2018-04-30
2018-05-31,99.5,2018-06-24,99.0,2018-06-01,99.3,2018-06-24,108.73,2018-05-31,76.45,2018-05-31
2018-06-30,99.5,2018-07-24,99.0,2018-07-01,99.1,2018-07-24,110.71,2018-06-30,77.44,2018-06-30
2018-07-31,99.4,2018-08-24,99.0,2018-08-01,99.1,2018-08-24,111.88,2018-07-31,74.16,2018-07-31
2018-08-31,99.7,2018-09-24,99.4,2018-09-01,99.4,2018-09-24,110.98,2018-08-31,76.94,2018-08-31
2018-09-30,99.7,2018-10-24,99.4,2018-10-01,99.3,2018-10-24,113.48,2018-09-30,82.72,2018-09-30
2018-10-31,100.1,2018-11-24,99.8,2018-11-01,99.5,2018-11-24,112.86,2018-10-31,74.84,2018-10-31
2018-11-30,100.1,2018-12-24,99.8,2018-12-01,99.5,2018-12-24,113.54,2018-11-30,57.71,2018-11-30
2018-12-31,99.9,2019-01-24,99.7,2019-01-01,99.4,2019-01-24,109.7,2018-12-31,50.57,2018-12-31
2019-01-31,99.7,2019-02-24,99.4,2019-02-01,99.3,2019-02-24,108.84,2019-01-31,62.46,2019-01-31
2019-02-28,99.8,2019-03-24,99.7,2019-03-01,99.4,2019-03-24,111.38,2019-02-28,65.03,2019-02-28
2019-03-31,99.9,2019-04-24,99.8,2019-04-01,99.5,2019-04-24,110.68,2019-03-31,67.93,2019-03-31
2019-04-30,100.2,2019-05-24,100.2,2019-05-01,99.8,2019-05-24,111.4,2019-04-30,72.19,2019-04-30
2019-05-31,100.2,2019-06-24,100.1,2019-06-01,99.8,2019-06-24,108.66,2019-05-31,66.78,2019-05-31
2019-06-30,100.1,2019-07-24,99.9,2019-07-01,99.6,2019-07-24,107.84,2019-06-30,67.52,2019-06-30
2019-07-31,100.0,2019-08-24,99.8,2019-08-01,99.6,2019-08-24,108.58,2019-07-31,64.07,2019-07-31
2019-08-31,100.2,2019-09-24,100.2,2019-09-01,99.9,2019-09-24,106.3,2019-08-31,61.04,2019-08-31
2019-09-30,100.1,2019-10-24,99.9,2019-10-01,99.9,2019-10-24,108.11,2019-09-30,60.99,2019-09-30
2019-10-31,100.5,2019-11-24,100.3,2019-11-01,100.2,2019-11-24,108.09,2019-10-31,59.3,2019-10-31
2019-11-30,100.6,2019-12-24,100.4,2019-12-01,100.3,2019-12-24,109.47,2019-11-30,64.5,2019-11-30
2019-12-31,100.6,2020-01-24,100.5,2020-01-01,100.3,2020-01-24,108.67,2019-12-31,67.77,2019-12-31
2020-01-31,100.5,2020-02-24,100.2,2020-02-01,100.2,2020-02-24,108.5,2020-01-31,57.77,2020-01-31
2020-02-29,100.4,2020-03-24,100.2,2020-03-01,100.1,2020-03-24,108.12,2020-02-29,51.31,2020-02-29
2020-03-31,100.5,2020-04-24,100.3,2020-04-01,100.2,2020-04-24,107.53,2020-03-31,14.85,2020-03-31
2020-04-30,100.1,2020-05-24,100.2,2020-05-01,100.1,2020-05-24,106.94,2020-04-30,18.11,2020-04-30
2020-05-31,100.1,2020-06-24,100.3,2020-06-01,100.2,2020-06-24,107.77,2020-05-31,34.15,2020-05-31
2020-06-30,100.0,2020-07-24,100.1,2020-07-01,100.0,2020-07-24,107.77,2020-06-30,41.64,2020-06-30
2020-07-31,100.0,2020-08-24,100.2,2020-08-01,100.0,2020-08-24,105.78,2020-07-31,43.13,2020-07-31
2020-08-31,99.8,2020-09-24,99.9,2020-09-01,99.8,2020-09-24,105.84,2020-08-31,45.22,2020-08-31
2020-09-30,99.7,2020-10-24,99.7,2020-10-01,99.8,2020-10-24,105.58,2020-09-30,40.3,2020-09-30
2020-10-31,99.7,2020-11-24,99.8,2020-11-01,99.9,2020-11-24,104.54,2020-10-31,36.33,2020-10-31
2020-11-30,99.6,2020-12-24,99.7,2020-12-01,99.9,2020-12-24,104.38,2020-11-30,46.84,2020-11-30
2020-12-31,99.6,2021-01-24,99.5,2021-01-01,99.9,2021-01-24,103.19,2020-12-31,51.22,2020-12-31
2021-01-31,99.8,2021-02-24,99.7,2021-02-01,100.2,2021-02-24,104.64,2021-01-31,55.25,2021-01-31
2021-02-28,99.9,2021-03-24,99.8,2021-03-01,100.1,2021-03-24,106.64,2021-02-28,65.86,2021-02-28
2021-03-31,100.1,2021-04-24,100.0,2021-04-01,100.2,2021-04-24,110.61,2021-03-31,63.52,2021-03-31
2021-04-30,99.3,2021-05-24,99.3,2021-05-01,99.1,2021-05-24,109.33,2021-04-30,67.73,2021-04-30
2021-05-31,99.5,2021-06-24,99.6,2021-06-01,99.3,2021-06-24,109.83,2021-05-31,69.36,2021-05-31
2021-06-30,99.5,2021-07-24,99.5,2021-07-01,99.2,2021-07-24,111.05,2021-06-30,76.94,2021-06-30
2021-07-31,99.8,2021-08-24,99.8,2021-08-01,99.4,2021-08-24,109.7,2021-07-31,77.72,2021-07-31
2021-08-31,99.8,2021-09-24,99.9,2021-09-01,99.3,2021-09-24,110.05,2021-08-31,73.45,2021-08-31
2021-09-30,99.8,2021-10-24,99.8,2021-10-01,99.3,2021-10-24,111.5,2021-09-30,77.81,2021-09-30
2021-10-31,99.9,2021-11-24,99.8,2021-11-01,99.2,2021-11-24,114.03,2021-10-31,83.1,2021-10-31
2021-11-30,100.1,2021-12-24,100.0,2021-12-01,99.2,2021-12-24,113.22,2021-11-30,70.86,2021-11-30
2021-12-31,100.0,2022-01-24,100.0,2022-01-01,99.1,2022-01-24,115.17,2021-12-31,77.24,2021-12-31
2022-01-31,100.1,2022-02-24,99.9,2022-02-01,99.0,2022-02-24,115.22,2022-01-31,92.35,2022-01-31
2022-02-28,100.5,2022-03-24,100.4,2022-03-01,99.2,2022-03-24,115.11,2022-02-28,103.08,2022-02-28
2022-03-31,100.9,2022-04-24,100.8,2022-04-01,99.5,2022-04-24,121.44,2022-03-31,107.29,2022-03-31
2022-04-30,101.4,2022-05-24,101.3,2022-05-01,99.9,2022-05-24,129.84,2022-04-30,108.36,2022-04-30
2022-05-31,101.6,2022-06-24,101.5,2022-06-01,100.1,2022-06-24,128.53,2022-05-31,125.53,2022-05-31
2022-06-30,101.7,2022-07-24,101.6,2022-07-01,100.1,2022-07-24,135.69,2022-06-30,119.78,2022-06-30
2022-07-31,102.2,2022-08-24,102.1,2022-08-01,100.6,2022-08-24,133.25,2022-07-31,111.51,2022-07-31
2022-08-31,102.5,2022-09-24,102.4,2022-09-01,100.9,2022-09-24,138.69,2022-08-31,96.55,2022-08-31
2022-09-30,102.9,2022-10-24,102.7,2022-10-01,101.1,2022-10-24,144.71,2022-09-30,88.9,2022-09-30
2022-10-31,103.4,2022-11-24,103.2,2022-11-01,101.7,2022-11-24,148.63,2022-10-31,93.3,2022-10-31
2022-11-30,103.8,2022-12-24,103.6,2022-12-01,102.0,2022-12-24,139.31,2022-11-30,85.61,2022-11-30
2022-12-31,104.1,2023-01-24,103.9,2023-01-01,102.1,2023-01-24,131.81,2022-12-31,82.82,2022-12-31
2023-01-31,104.3,2023-02-24,104.2,2023-02-01,102.2,2023-02-24,130.17,2023-01-31,83.42,2023-01-31
2023-02-28,103.6,2023-03-24,103.6,2023-03-01,102.6,2023-03-24,136.09,2023-02-28,83.21,2023-02-28
2023-03-31,104.1,2023-04-24,104.0,2023-04-01,103.2,2023-04-24,132.75,2023-03-31,79.19,2023-03-31
2023-04-30,104.8,2023-05-24,104.8,2023-05-01,104.0,2023-05-24,135.99,2023-04-30,81.32,2023-04-30
2023-05-31,104.8,2023-06-24,104.7,2023-06-01,104.3,2023-06-24,139.78,2023-05-31,71.98,2023-05-31
2023-06-30,105.0,2023-07-24,104.8,2023-07-01,104.4,2023-07-24,144.47,2023-06-30,74.51,2023-06-30
2023-07-31,105.4,2023-08-24,105.2,2023-08-01,104.9,2023-08-24,142.18,2023-07-31,85.22,2023-07-31
2023-08-31,105.7,2023-09-24,105.3,2023-09-01,105.2,2023-09-24,145.68,2023-08-31,87.29,2023-08-31
2023-09-30,105.7,2023-10-24,105.2,2023-10-01,105.4,2023-10-24,149.43,2023-09-30,95.86,2023-09-30
2023-10-31,106.4,2023-11-24,106.0,2023-11-01,105.8,2023-11-24,151.46,2023-10-31,86.82,2023-10-31
2023-11-30,106.4,2023-12-24,106.0,2023-12-01,105.9,2023-12-24,147.87,2023-11-30,81.72,2023-11-30
2023-12-31,106.4,2024-01-24,106.1,2024-01-01,105.9,2024-01-24,140.92,2023-12-31,77.69,2023-12-31
2024-01-31,106.4,2024-02-24,106.0,2024-02-01,105.8,2024-02-24,146.26,2024-01-31,82.98,2024-01-31
2024-02-29,106.5,2024-03-24,106.2,2024-03-01,105.9,2024-03-24,149.9,2024-02-29,84.57,2024-02-29
2024-03-31,106.8,2024-04-24,106.5,2024-04-01,106.2,2024-04-24,151.22,2024-03-31,86.17,2024-03-31
2024-04-30,107.1,2024-05-24,106.4,2024-05-01,106.5,2024-05-24,157.54,2024-04-30,88.23,2024-04-30
2024-05-31,107.5,2024-06-24,106.7,2024-06-01,106.6,2024-06-24,157.19,2024-05-31,79.41,2024-05-31
2024-06-30,107.8,2024-07-24,107.0,2024-07-01,106.6,2024-07-24,160.88,2024-06-30,87.26,2024-06-30
2024-07-31,108.3,2024-08-24,107.4,2024-08-01,106.9,2024-08-24,150.38,2024-07-31,81.39,2024-07-31
2024-08-31,108.7,2024-09-24,107.9,2024-09-01,107.4,2024-09-24,145.95,2024-08-31,80.2,2024-08-31
2024-09-30,108.2,2024-10-24,107.3,2024-10-01,107.5,2024-10-24,143.25,2024-09-30,72.35,2024-09-30
2024-10-31,108.8,2024-11-24,107.9,2024-11-01,108.1,2024-11-24,152.35,2024-10-31,73.25,2024-10-31
2024-11-30,109.2,2024-12-24,108.3,2024-12-01,108.4,2024-12-24,150.41,2024-11-30,74.16,2024-11-30
2024-12-31,109.6,2025-01-24,108.6,2025-01-01,108.4,2025-01-24,157.37,2024-12-31,74.58,2024-12-31
2025-01-31,109.8,2025-02-24,108.7,2025-02-01,108.5,2025-02-24,154.91,2025-01-31,77.11,2025-01-31
2025-02-28,109.7,2025-03-24,108.5,2025-03-01,108.7,2025-03-24,150.64,2025-02-28,74.76,2025-02-28
2025-03-31,110.2,2025-04-24,109.1,2025-04-01,109.2,2025-04-24,149.9,2025-03-31,77.23,2025-03-31
2025-04-30,110.9,2025-05-24,110.0,2025-05-01,109.7,2025-05-24,142.63,2025-04-30,63.37,2025-04-30
2025-05-31,111.4,2025-06-24,110.5,2025-06-01,110.0,2025-06-24,144.18,2025-05-31,64.32,2025-05-31
2025-06-30,111.4,2025-07-24,110.3,2025-07-01,110.3,2025-07-24,144.17,2025-06-30,68.15,2025-06-30
2025-07-31,111.6,2025-08-24,110.5,2025-08-01,110.5,2025-08-24,150.6,2025-07-31,73.43,2025-07-31
2025-08-31,111.6,2025-09-24,110.6,2025-09-01,110.9,2025-09-24,146.9,2025-08-31,67.83,2025-08-31
2025-09-30,111.4,2025-10-24,110.0,2025-10-01,110.8,2025-10-24,147.97,2025-09-30,68.52,2025-09-30
2025-10-31,112.1,2025-11-24,111.0,2025-11-01,111.5,2025-11-24,154.05,2025-10-31,65.44,2025-10-31
2025-11-30,112.5,2025-12-24,111.4,2025-12-01,111.6,2025-12-24,156.17,2025-11-30,64.07,2025-11-30
2025-12-31,112.2,2026-01-24,111.1,2026-01-01,111.5,2026-01-24,156.8,2025-12-31,61.35,2025-12-31
2026-01-31,112.0,2026-02-24,110.9,2026-02-01,111.4,2026-02-24,154.34,2026-01-31,72.25,2026-01-31
2026-02-28,111.4,2026-03-24,110.5,2026-03-01,111.5,2026-03-24,156.05,2026-02-28,71.32,2026-02-28
2026-03-31,112.1,2026-04-24,111.0,2026-04-01,111.9,2026-04-24,159.08,2026-03-31,126.69,2026-03-31
2026-04-30,112.5,2026-05-24,111.7,2026-05-01,111.8,2026-05-24,156.66,2026-04-30,124.24,2026-04-30
2026-05-31,113.0,2026-06-24,112.0,2026-06-01,112.0,2026-06-24,159.23,2026-05-31,92.88,2026-05-31
2026-06-30,113.1,2026-07-24,112.2,2026-07-01,112.2,2026-07-24,162.61,2026-06-30,70.46,2026-06-30
2026-07-31,,,,,,,162.43,2026-07-31,86.99,2026-07-31
